BEGIN;

INSERT INTO flows.escos (id,created_at,"name",code,app_url) VALUES
     ('612a3f01-dfde-4458-bd0b-bfb9aa7d3668',now(),'Abolish Empty Office Buildings','aeob',NULL),
     ('2995cc75-1fa6-46ef-aae1-7807f5721765',now(),'Bristol Energy Coop','bec',NULL),
     ('3396e0c8-62e5-4902-a9e2-2d6505b2cb8c',now(),'Bristol Power Cooperative','bpc',NULL),
     ('68456b3f-35c6-44f1-9f14-563ab64e8ceb',now(),'Lab','lab',NULL),
     ('363ff821-3a56-4b43-8227-8e53c45fbcdb',now(),'Hazelmead','hmce','http://0.0.0.0:4242'),
     ('6688351f-c47a-441b-ad3f-b3dabadf2bca',now(),'London Fields','lfce',NULL),
     ('01da4a58-9a2e-440a-b8ac-2f36038484d2',now(),'Owen Square','osce',NULL),
     ('f6bcd195-6528-426b-a6f0-ce2af6a37494',now(),'Trent Basin ','tbce',NULL),
     ('527eed5d-2f81-4abe-a7f4-6fff8ac72703',now(),'Water Lilies','wlce','http://0.0.0.0:4242');

INSERT INTO flows.sites_new (id, esco,"name","code", created_at) VALUES
     (gen_random_uuid(), '612a3f01-dfde-4458-bd0b-bfb9aa7d3668','battens lane 22', null, now()),
     (gen_random_uuid(), '2995cc75-1fa6-46ef-aae1-7807f5721765','bec bibc', 'bibc', now()),
     (gen_random_uuid(), '3396e0c8-62e5-4902-a9e2-2d6505b2cb8c','bpc site', null, now()),
     (gen_random_uuid(), '68456b3f-35c6-44f1-9f14-563ab64e8ceb','lab site', null, now()),
     (gen_random_uuid(), '363ff821-3a56-4b43-8227-8e53c45fbcdb','hazelmead site', null, now()),
     (gen_random_uuid(), '6688351f-c47a-441b-ad3f-b3dabadf2bca','london fields site', null, now()),
     (gen_random_uuid(), '01da4a58-9a2e-440a-b8ac-2f36038484d2','osce frap', 'frap', now()),
     (gen_random_uuid(), 'f6bcd195-6528-426b-a6f0-ce2af6a37494','trent basin site', null, now()),
     (gen_random_uuid(), '527eed5d-2f81-4abe-a7f4-6fff8ac72703','wlce site', null, now());

INSERT INTO flows.feeder_registry (id,"name",esco) VALUES
     ('9aa07641-f356-4aa3-b4b5-fb4e7ec88bb9','HMCE Feeder 1','363ff821-3a56-4b43-8227-8e53c45fbcdb'),
     ('745ba4e7-c6ee-4caf-af4b-f581bf759ee9','HMCE Feeder 2','363ff821-3a56-4b43-8227-8e53c45fbcdb'),
     ('d6ee1029-51bf-4335-a242-4450ffd9c850','HMCE Feeder EV','363ff821-3a56-4b43-8227-8e53c45fbcdb'),
     ('ff21e7ef-9dc9-4a9c-bc15-58cee1f48198','WLCE Feeder 2','527eed5d-2f81-4abe-a7f4-6fff8ac72703'),
     ('f3a898db-60db-496f-9866-a0f0d067d73d','WLCE Feeder 1','527eed5d-2f81-4abe-a7f4-6fff8ac72703'),
     ('1b08213b-9d4b-4d1e-b9da-2e78e52c1d89','WLCE Feeder EV','527eed5d-2f81-4abe-a7f4-6fff8ac72703'),
     ('2c8ea4d2-ca91-491c-b920-1e79b3998e2b','Lab Virtual Feeder 1','68456b3f-35c6-44f1-9f14-563ab64e8ceb');

INSERT INTO flows.service_head_registry (id,"name",feeder,phase,created_at) VALUES
     ('d67bd5b0-016a-4825-a410-25f99ba12e6d'::uuid,'HMCE.Plot-01.C','745ba4e7-c6ee-4caf-af4b-f581bf759ee9'::uuid,1,'2024-08-01 03:09:16.525679+00'),
     ('546629e1-290e-43f8-8ffd-654d492a66c7'::uuid,'HMCE.Plot-02.C','745ba4e7-c6ee-4caf-af4b-f581bf759ee9'::uuid,2,'2024-08-01 03:09:16.525679+00'),
     ('d39a7395-030f-4d22-a625-08caef1084c4'::uuid,'Lab-QA1.C','2c8ea4d2-ca91-491c-b920-1e79b3998e2b'::uuid,1,'2024-08-01 03:09:16.525679+00'),
     ('c03baadd-6150-413b-9ebe-69e1ac049217'::uuid,'WLCE.Plot-01.C','ff21e7ef-9dc9-4a9c-bc15-58cee1f48198'::uuid,1,'2024-08-01 03:09:16.525679+00'),
     ('b812ec6d-d3cd-497b-8ac2-2a48ee6661cf'::uuid,'WLCE.Plot-02.C','ff21e7ef-9dc9-4a9c-bc15-58cee1f48198'::uuid,2,'2024-08-01 03:09:16.525679+00'),
     ('35b71079-3184-435b-9481-a3d612e3dfde'::uuid,'WLCE.Plot-03.C','ff21e7ef-9dc9-4a9c-bc15-58cee1f48198'::uuid,3,'2024-08-01 03:09:16.525679+00'),
     ('8ab6db48-3f48-46e1-9d2a-c108f14520de'::uuid,'WLCE.Plot-04.C','ff21e7ef-9dc9-4a9c-bc15-58cee1f48198'::uuid,1,'2024-08-01 03:09:16.525679+00'),
     ('d1f68d2b-903f-44a0-af84-810eeefef627'::uuid,'WLCE.Plot-05.C','ff21e7ef-9dc9-4a9c-bc15-58cee1f48198'::uuid,2,'2024-08-01 03:09:16.525679+00'),
     ('a9f447a5-fe6a-4646-9076-fb3de1c93373'::uuid,'WLCE.Plot-06.C','ff21e7ef-9dc9-4a9c-bc15-58cee1f48198'::uuid,3,'2024-08-01 03:09:16.525679+00'),
     ('f17b9805-294a-4afb-add7-828e51180942'::uuid,'WLCE.Plot-07.C','ff21e7ef-9dc9-4a9c-bc15-58cee1f48198'::uuid,null,'2024-08-01 03:09:16.525679+00'),
     ('f3865205-a602-4223-8c06-8147799e50aa'::uuid,'WLCE.Plot-08.C','ff21e7ef-9dc9-4a9c-bc15-58cee1f48198'::uuid,null,'2024-08-01 03:09:16.525679+00'),
     ('b440601d-6c2f-4d1b-8f03-3ac2c5cb93b8'::uuid,'WLCE.Plot-08.G','ff21e7ef-9dc9-4a9c-bc15-58cee1f48198'::uuid,null,'2024-08-01 03:09:16.525679+00'),
     ('169ff99f-3a2c-4b29-9172-f5f9f288e061'::uuid,'WLCE.Plot-09.C','ff21e7ef-9dc9-4a9c-bc15-58cee1f48198'::uuid,null,'2024-08-01 03:09:16.525679+00'),
     ('b53268ea-7eea-4e69-b7aa-c2a77b59a8a6'::uuid,'WLCE.Plot-10.C','ff21e7ef-9dc9-4a9c-bc15-58cee1f48198'::uuid,null,'2024-08-01 03:09:16.525679+00'),
     ('5e9585e2-5836-4ba3-b78b-ba6df26a861f'::uuid,'WLCE.Plot-11.C','ff21e7ef-9dc9-4a9c-bc15-58cee1f48198'::uuid,null,'2024-08-01 03:09:16.525679+00'),
     ('7e7f5dd6-149b-447d-b4ee-791ff252fb84'::uuid,'WLCE.Plot-12.C','ff21e7ef-9dc9-4a9c-bc15-58cee1f48198'::uuid,null,'2024-08-01 03:09:16.525679+00'),
     ('93bca7be-aadf-48fe-8f80-18c3b65d925e'::uuid,'WLCE.Plot-13.C','ff21e7ef-9dc9-4a9c-bc15-58cee1f48198'::uuid,null,'2024-08-01 03:09:16.525679+00'),
     ('e5798659-8e01-4398-9461-ddd25aead21e'::uuid,'WLCE.Plot-14.C','ff21e7ef-9dc9-4a9c-bc15-58cee1f48198'::uuid,null,'2024-08-01 03:09:16.525679+00'),
     ('234b94f5-3fc7-4d4c-bf5c-31d9b69c0680'::uuid,'WLCE.Plot-15.C','ff21e7ef-9dc9-4a9c-bc15-58cee1f48198'::uuid,null,'2024-08-01 03:09:16.525679+00'),
     ('ed764db4-62b4-4559-8fa4-812239e5ea3d'::uuid,'WLCE.Plot-16.C','f3a898db-60db-496f-9866-a0f0d067d73d'::uuid,null,'2024-08-01 03:09:16.525679+00'),
     ('d907936c-3a8b-4969-89aa-8ff5ef0754a8'::uuid,'WLCE.Plot-17.C','f3a898db-60db-496f-9866-a0f0d067d73d'::uuid,null,'2024-08-01 03:09:16.525679+00'),
     ('b4310dec-443f-4543-82bd-cc9db039ff94'::uuid,'WLCE.Plot-18-19','f3a898db-60db-496f-9866-a0f0d067d73d'::uuid,null,'2024-08-01 03:09:16.525679+00'),
     ('9063dab7-3df5-4cb1-a511-1fc7b27c5506'::uuid,'WLCE.Plot-18a.C','f3a898db-60db-496f-9866-a0f0d067d73d'::uuid,null,'2024-08-01 03:09:16.525679+00'),
     ('00c35814-6295-4381-bbc8-16fec4445b3d'::uuid,'WLCE.Plot-18b.C','f3a898db-60db-496f-9866-a0f0d067d73d'::uuid,null,'2024-08-01 03:09:16.525679+00'),
     ('e2902786-f5c4-4d27-ad67-ac9b65412e9f'::uuid,'WLCE.Plot-18c.C','f3a898db-60db-496f-9866-a0f0d067d73d'::uuid,null,'2024-08-01 03:09:16.525679+00'),
     ('3ad78726-7442-489c-ab74-67cd3fc51aeb'::uuid,'WLCE.Plot-19a.C','f3a898db-60db-496f-9866-a0f0d067d73d'::uuid,null,'2024-08-01 03:09:16.525679+00'),
     ('c1ddb1db-2fa9-4d73-8bbf-51ca8a449ba9'::uuid,'WLCE.Plot-19b.C','f3a898db-60db-496f-9866-a0f0d067d73d'::uuid,null,'2024-08-01 03:09:16.525679+00'),
     ('faf68ab7-ecf9-4aff-9114-a302bb780e0e'::uuid,'WLCE.Plot-19c.C','f3a898db-60db-496f-9866-a0f0d067d73d'::uuid,null,'2024-08-01 03:09:16.525679+00'),
     ('99e5fe2d-9269-4b3b-aaae-bdc79231c369'::uuid,'WLCE.Plot-20.C','f3a898db-60db-496f-9866-a0f0d067d73d'::uuid,null,'2024-08-01 03:09:16.525679+00'),
     ('06f8bc17-ce72-40a1-8108-40788a2c7c18'::uuid,'WLCE.Plot-21.C','f3a898db-60db-496f-9866-a0f0d067d73d'::uuid,null,'2024-08-01 03:09:16.525679+00'),
     ('3f5aa69f-69fd-494a-a1be-ee56e5c58e2d'::uuid,'WLCE.Plot-22.C','f3a898db-60db-496f-9866-a0f0d067d73d'::uuid,null,'2024-08-01 03:09:16.525679+00'),
     ('c48bc42a-22ef-4165-a89c-8bcef03d2c1f'::uuid,'WLCE.Plot-23.C','f3a898db-60db-496f-9866-a0f0d067d73d'::uuid,null,'2024-08-01 03:09:16.525679+00'),
     ('1ec6041f-3864-463a-b428-ed0c3a51dcbc'::uuid,'WLCE.Plot-24-25','f3a898db-60db-496f-9866-a0f0d067d73d'::uuid,null,'2024-08-01 03:09:16.525679+00'),
     ('c618ae90-ad00-4615-9402-c45431a0909e'::uuid,'WLCE.Plot-24a.C','f3a898db-60db-496f-9866-a0f0d067d73d'::uuid,null,'2024-08-01 03:09:16.525679+00'),
     ('ff2e5723-b255-499e-a977-5fdeb523cf67'::uuid,'WLCE.Plot-24b.C','f3a898db-60db-496f-9866-a0f0d067d73d'::uuid,null,'2024-08-01 03:09:16.525679+00'),
     ('675b673c-cb09-489b-88bf-0ade59f38099'::uuid,'WLCE.Plot-24c.C','f3a898db-60db-496f-9866-a0f0d067d73d'::uuid,null,'2024-08-01 03:09:16.525679+00'),
     ('2afd3aa2-39f1-41c9-9b5b-b77341d40981'::uuid,'WLCE.Plot-25a.C','f3a898db-60db-496f-9866-a0f0d067d73d'::uuid,null,'2024-08-01 03:09:16.525679+00'),
     ('4b112f8e-f69a-4da9-96e0-aeaa50a19906'::uuid,'WLCE.Plot-25b.C','f3a898db-60db-496f-9866-a0f0d067d73d'::uuid,null,'2024-08-01 03:09:16.525679+00'),
     ('42e8f144-6a9f-4a4b-a873-af2c16d89532'::uuid,'WLCE.Plot-25c.C','f3a898db-60db-496f-9866-a0f0d067d73d'::uuid,null,'2024-08-01 03:09:16.525679+00'),
     ('d4562e0d-fe8a-4f6d-8e79-bd3e20f07333'::uuid,'WLCE.Undercroft.C','f3a898db-60db-496f-9866-a0f0d067d73d'::uuid,null,'2024-08-01 03:09:16.525679+00'),
     ('5cf747e7-430a-4a13-8431-15ac0a75c4cc'::uuid,'wlce-QA-Plot-11.C','2c8ea4d2-ca91-491c-b920-1e79b3998e2b'::uuid,null,'2024-08-01 03:09:16.525679+00');

INSERT INTO "flows"."meter_registry" ("id", "serial", "emnify_id", "ip_address", "name", "created_at", "updated_at", "installation_status", "commissioned_iso_week_date", "hardware", "prepay_enabled", "daylight_savings_correction_enabled", "iccid", "site", "mode", "esco") VALUES
    ('d4ae8f83-6583-4d98-b840-a24832ef10e5', 'EML2137555555', 11378888, '100.79.211.155', 'WLCE.Plot-01.C (replaced)', '2023-08-03 23:02:02.324915', '2023-09-12 06:00:01.788', 'deleted', '2021-W26', 'C1.w', false, false, '8988303000005122222', '1983d7d6-3753-4289-99c7-b2b924940007', 'passive'::flows.meter_mode_enum, '527eed5d-2f81-4abe-a7f4-6fff8ac72703'),
    ('70377361-35e8-40a1-90c6-6d47644ca54e', 'EML2137580797', 11378034, '100.79.244.150', 'WLCE.Plot-01.C', '2024-08-03 23:02:02.324915', '2024-09-12 06:00:01.788', 'enabled', '2024-W26', 'C1.w', false, false, '8988303000005120260', '1983d7d6-3753-4289-99c7-b2b924940007', 'passive'::flows.meter_mode_enum, '527eed5d-2f81-4abe-a7f4-6fff8ac72703'),
    ('b489e417-c9aa-409d-8d95-4189b591678b', 'EML2137580678', 9651015, '100.79.244.33', 'WLCE.Plot-24-25.C', '2023-08-03 23:02:02.324915', '2023-09-12 06:00:01.787', 'enabled', '2023-W03', 'B1.w', NULL, NULL, '8988303000000453473', '1983d7d6-3753-4289-99c7-b2b924940007', 'passive'::flows.meter_mode_enum, '527eed5d-2f81-4abe-a7f4-6fff8ac72703'),
    ('1ed6b911-4955-48a9-b1d9-105cc712b2f1', 'EML2137580771', 11378007, '100.79.244.151', 'WLCE.Plot-07.C', '2023-08-03 23:02:02.324915', '2023-09-12 06:00:01.787', 'enabled', '2021-W26', 'C1.w', false, false, '8988303000005120261', '1983d7d6-3753-4289-99c7-b2b924940007', 'passive'::flows.meter_mode_enum, '527eed5d-2f81-4abe-a7f4-6fff8ac72703'),
    ('dfc4778c-300b-4d4f-abb2-d769016f082c', 'EML2137580757', 11378009, '100.79.244.152', 'WLCE.Plot-02.C', '2023-08-03 23:02:02.324915', '2023-09-12 06:00:01.787', 'enabled', '2021-W26', 'C1.w', true, true, '8988303000005120262', '1983d7d6-3753-4289-99c7-b2b924940007', 'passive'::flows.meter_mode_enum, '527eed5d-2f81-4abe-a7f4-6fff8ac72703'),
    ('dc23b4cf-272c-4321-ba84-e72f461146ad', 'EML2137580769', 11378018, '100.79.244.153', 'WLCE.Plot-06.C', '2023-08-03 23:02:02.324915', '2023-09-12 06:00:01.787', 'enabled', '2021-W26', 'C1.w', true, true, '8988303000005120263', '1983d7d6-3753-4289-99c7-b2b924940007', 'passive'::flows.meter_mode_enum, '527eed5d-2f81-4abe-a7f4-6fff8ac72703'),
    ('01d33e2d-c040-4f27-b813-b1ac1df24020', 'EML2137580758', 11378024, '100.79.244.154', 'WLCE.Plot-03.C', '2023-08-03 23:02:02.324915', '2023-09-12 06:00:01.787', 'enabled', '2021-W26', 'C1.w', true, true, '8988303000005120264', '1983d7d6-3753-4289-99c7-b2b924940007', 'passive'::flows.meter_mode_enum, '527eed5d-2f81-4abe-a7f4-6fff8ac72703'),
    ('1cb9312a-3621-4b65-9e3a-70509990bac4', 'EML2137580776', 11378028, '100.79.244.155', 'WLCE.Plot-17.C', '2023-08-03 23:02:02.324915', '2023-09-12 06:00:01.787', 'enabled', '2022-W48', 'C1.w', true, true, '8988303000005120265', '1983d7d6-3753-4289-99c7-b2b924940007', 'passive'::flows.meter_mode_enum, '527eed5d-2f81-4abe-a7f4-6fff8ac72703'),
    ('e6eb04bc-4a69-406e-8a0f-c7cc1ca58805', 'EML2137580798', 11378029, '100.79.244.156', 'WLCE.Plot-04.C', '2023-08-03 23:02:02.324915', '2023-09-12 06:00:01.787', 'enabled', '2021-W26', 'C1.w', true, true, '8988303000005120266', '1983d7d6-3753-4289-99c7-b2b924940007', 'passive'::flows.meter_mode_enum, '527eed5d-2f81-4abe-a7f4-6fff8ac72703'),
    ('fe46a7af-3ed0-49ca-8815-2bfc7f5583f3', 'EML2137580799', 11378030, '100.79.244.157', 'WLCE.Plot-05.C', '2023-08-03 23:02:02.324915', '2023-09-12 06:00:01.787', 'enabled', '2021-W26', 'C1.w', true, true, '8988303000005120267', '1983d7d6-3753-4289-99c7-b2b924940007', 'passive'::flows.meter_mode_enum, '527eed5d-2f81-4abe-a7f4-6fff8ac72703'),
    ('44d8a776-3238-4944-9488-202271ae0a8e', 'EML2137580772', 11378031, '100.79.244.164', 'WLCE.Plot-08.C', '2023-08-03 23:02:02.324915', '2023-09-12 06:00:01.787', 'enabled', '2021-W26', 'C1.w', true, true, '8988303000005120268', '1983d7d6-3753-4289-99c7-b2b924940007', 'passive'::flows.meter_mode_enum, '527eed5d-2f81-4abe-a7f4-6fff8ac72703'),
    ('6e86ee24-e3fe-4441-8125-b4d2f2e3f22b', 'EML2137580646', 11378032, '100.79.244.165', 'WLCE.Plot-08.G', '2023-08-06 04:16:51.136331', '2023-09-12 06:00:01.788', 'enabled', '2021-W26', 'B1.w', NULL, NULL, '8988303000005120269', '1983d7d6-3753-4289-99c7-b2b924940007', 'passive'::flows.meter_mode_enum, '527eed5d-2f81-4abe-a7f4-6fff8ac72703'),
    ('0717152a-4059-48a2-8df0-3517ed8ac1b4', 'EML2137580761', 12108318, '100.79.244.89', 'WLCE.Plot-10.C', '2023-08-03 23:02:02.324915', '2023-09-12 06:00:01.788', 'enabled', '2022-W29', 'C1.w', true, true, '8988303000005120277', '1983d7d6-3753-4289-99c7-b2b924940007', 'passive'::flows.meter_mode_enum, '527eed5d-2f81-4abe-a7f4-6fff8ac72703'),
    ('6fcfe359-2302-4966-b3c7-5000627fc0b4', 'EML2137580812', 12108319, '100.79.244.125', 'WLCE.Plot-19c.C', '2023-08-03 23:02:02.324915', '2023-09-12 06:00:01.788', 'enabled', '2022-W29', 'C1.w', true, true, '8988303000005120281', '1983d7d6-3753-4289-99c7-b2b924940007', 'passive'::flows.meter_mode_enum, '527eed5d-2f81-4abe-a7f4-6fff8ac72703'),
    ('2af97a6e-4cb0-4b92-872d-8e88d52549e3', 'EML2137580762', 12108321, '100.79.244.126', 'WLCE.Plot-12.C', '2023-08-03 23:02:02.324915', '2023-09-12 06:00:01.788', 'enabled', '2022-W28', 'C1.w', true, true, '8988303000005120283', '1983d7d6-3753-4289-99c7-b2b924940007', 'passive'::flows.meter_mode_enum, '527eed5d-2f81-4abe-a7f4-6fff8ac72703'),
    ('c913aaf0-e3a0-410b-803f-0a6f3bcdb615', 'EML2137580831', 12108322, '100.79.244.127', 'WLCE.Plot-18c.C', '2023-08-03 23:02:02.324915', '2023-09-12 06:00:01.788', 'enabled', '2022-W29', 'C1.w', true, true, '8988303000005120284', '1983d7d6-3753-4289-99c7-b2b924940007', 'passive'::flows.meter_mode_enum, '527eed5d-2f81-4abe-a7f4-6fff8ac72703'),
    ('ae4806a5-244b-4fa7-bb72-0d77622ad5bf', 'EMP1AX2137000069', 12108323, '100.79.244.129', 'WLCE.Plot-18-19.G', '2023-08-06 04:16:51.136331', '2023-09-12 06:00:01.788', 'enabled', '2023-W03', 'P1.ax', NULL, NULL, '8988303000005120295', '1983d7d6-3753-4289-99c7-b2b924940007', 'passive'::flows.meter_mode_enum, '527eed5d-2f81-4abe-a7f4-6fff8ac72703'),
    ('b0b07098-a7c9-4a35-b600-84a3885a0cbc', 'EML2244826953', 12108324, '100.79.244.128', 'WLCE.Plot-16.C', '2023-08-03 23:02:02.324915', '2023-09-12 06:00:01.788', 'enabled', '2022-W48', 'B1.w', NULL, NULL, '8988303000005120296', '1983d7d6-3753-4289-99c7-b2b924940007', 'passive'::flows.meter_mode_enum, '527eed5d-2f81-4abe-a7f4-6fff8ac72703'),
    ('824b9e54-15bf-488c-8518-66d61d3ec2ff', 'EML2137580788', 12108325, '100.79.244.90', 'WLCE.Plot-18b.C', '2023-08-03 23:02:02.324915', '2023-09-12 06:00:01.788', 'enabled', '2022-W29', 'C1.w', true, true, '8988303000005120297', '1983d7d6-3753-4289-99c7-b2b924940007', 'passive'::flows.meter_mode_enum, '527eed5d-2f81-4abe-a7f4-6fff8ac72703'),
    ('1798893d-783a-4137-8cdd-42008505d7b6', 'EML2137580800', 12199765, '100.79.244.106', 'WLCE.Plot-19b.C', '2023-08-03 23:02:02.324915', '2023-09-12 06:00:01.788', 'enabled', '2022-W29', 'C1.w', true, true, '8988303000006691430', '1983d7d6-3753-4289-99c7-b2b924940007', 'passive'::flows.meter_mode_enum, '527eed5d-2f81-4abe-a7f4-6fff8ac72703'),
    ('4d662e3a-c785-4760-88e4-ad7f84c18e87', 'EML2137580764', 12199766, '100.79.244.107', 'WLCE.Plot-20.C', '2023-08-03 23:02:02.324915', '2023-09-12 06:00:01.788', 'enabled', '2022-W36', NULL, NULL, NULL, '8988303000006691431', '1983d7d6-3753-4289-99c7-b2b924940007', 'passive'::flows.meter_mode_enum, '527eed5d-2f81-4abe-a7f4-6fff8ac72703'),
    ('2e3fbdaf-0078-4c9c-b046-7090df562679', 'EML2137580786', 12199767, '100.79.244.131', 'WLCE.Plot-25b.C', '2023-08-03 23:02:02.324915', '2023-09-12 06:00:01.788', 'enabled', '2022-W29', 'C1.w', true, true, '8988303000006691432', '1983d7d6-3753-4289-99c7-b2b924940007', 'passive'::flows.meter_mode_enum, '527eed5d-2f81-4abe-a7f4-6fff8ac72703'),
    ('973efbbd-ed6d-40cc-a908-e5333d2a535e', 'EML2137580810', 12199768, '100.79.244.130', 'WLCE.Plot-24c.C', '2023-08-03 23:02:02.324915', '2023-09-12 06:00:01.788', 'enabled', '2022-W29', 'C1.w', true, true, '8988303000006691433', '1983d7d6-3753-4289-99c7-b2b924940007', 'passive'::flows.meter_mode_enum, '527eed5d-2f81-4abe-a7f4-6fff8ac72703'),
    ('d2d52044-df76-4b99-93be-e6c0beb9fd9b', 'EML2137580774', 12199769, '100.79.244.108', 'WLCE.Plot-24b.C', '2023-08-03 23:02:02.324915', '2023-09-12 06:00:01.788', 'enabled', '2022-W29', 'C1.w', true, true, '8988303000006691434', '1983d7d6-3753-4289-99c7-b2b924940007', 'passive'::flows.meter_mode_enum, '527eed5d-2f81-4abe-a7f4-6fff8ac72703'),
    ('864e90e7-7143-4778-80be-d1b810ddceb5', 'EML2137580823', 12199770, '100.79.244.112', 'WLCE.Plot-25c.C', '2023-08-03 23:02:02.324915', '2023-09-12 06:00:01.788', 'enabled', '2022-W29', 'C1.w', true, true, '8988303000006691435', '1983d7d6-3753-4289-99c7-b2b924940007', 'passive'::flows.meter_mode_enum, '527eed5d-2f81-4abe-a7f4-6fff8ac72703'),
    ('f8db45e4-d2e5-4fe0-aaf3-756cdcc54e1e', 'EML2137580828', 12199771, '100.79.244.132', 'WLCE.Plot-21.C', '2023-08-03 23:02:02.324915', '2023-09-12 06:00:01.788', 'enabled', '2022-W36', NULL, NULL, NULL, '8988303000006691436', '1983d7d6-3753-4289-99c7-b2b924940007', 'passive'::flows.meter_mode_enum, '527eed5d-2f81-4abe-a7f4-6fff8ac72703'),
    ('fc12d38e-a324-4f96-9b66-be547ff92882', 'EML2137580767', 12199772, '100.79.244.113', 'WLCE.Plot-22.C', '2023-08-03 23:02:02.324915', '2023-09-12 06:00:01.788', 'enabled', '2022-W36', NULL, NULL, NULL, '8988303000006691437', '1983d7d6-3753-4289-99c7-b2b924940007', 'passive'::flows.meter_mode_enum, '527eed5d-2f81-4abe-a7f4-6fff8ac72703'),
    ('7b1f0e2d-a385-4618-b039-fb271abd9af1', 'EML2137580838', 12199773, '100.79.244.114', 'WLCE.Plot-24a.C', '2023-08-03 23:02:02.324915', '2023-09-12 06:00:01.788', 'enabled', '2022-W37', 'C1.w', true, true, '8988303000006691438', '1983d7d6-3753-4289-99c7-b2b924940007', 'passive'::flows.meter_mode_enum, '527eed5d-2f81-4abe-a7f4-6fff8ac72703'),
    ('b2b268ee-176b-4e66-95e4-c8055ab5e662', 'EML2137580830', 12199774, '100.79.244.134', 'WLCE.Plot-23.C', '2023-08-03 23:02:02.324915', '2023-09-12 06:00:01.788', 'enabled', '2022-W36', NULL, NULL, NULL, '8988303000006691439', '1983d7d6-3753-4289-99c7-b2b924940007', 'passive'::flows.meter_mode_enum, '527eed5d-2f81-4abe-a7f4-6fff8ac72703'),
    ('efeea5fd-9069-4e72-b9eb-7e5f4b137770', 'EML2137580816', 12199777, '100.79.244.116', 'WLCE.Plot-19a.C', '2023-08-03 23:02:02.324915', '2023-09-12 06:00:01.788', 'enabled', '2022-W45', 'C1.w', true, true, '8988303000006691442', '1983d7d6-3753-4289-99c7-b2b924940007', 'passive'::flows.meter_mode_enum, '527eed5d-2f81-4abe-a7f4-6fff8ac72703'),
    ('4e83e0f0-8439-414b-aead-4dfde8f4eb05', 'EML2137580768', 12199778, '100.79.244.139', 'WLCE.Plot-11.C', '2023-08-03 23:02:02.324915', '2023-09-12 06:00:01.788', 'enabled', '2022-W48', 'C1.w', false, false, '8988303000006691443', '1983d7d6-3753-4289-99c7-b2b924940007', 'passive'::flows.meter_mode_enum, '527eed5d-2f81-4abe-a7f4-6fff8ac72703'),
    ('baca4be8-6068-461a-b2fe-add172ae39b7', 'EML2137580792', 12199779, '100.79.244.117', 'WLCE.Plot-25a.C', '2023-08-03 23:02:02.324915', '2023-09-12 06:00:01.788', 'enabled', '2022-W48', 'C1.w', false, false, '8988303000006691444', '1983d7d6-3753-4289-99c7-b2b924940007', 'passive'::flows.meter_mode_enum, '527eed5d-2f81-4abe-a7f4-6fff8ac72703'),
    ('134f7158-dbd9-4c4d-9c0a-3d349e17f3ec', 'EML2137580750', 12199780, '100.79.244.118', 'WLCE.Plot-18a.C', '2023-08-03 23:02:02.324915', '2023-09-12 06:00:01.788', 'enabled', '2022-W45', 'C1.w', false, false, '8988303000006691445', '1983d7d6-3753-4289-99c7-b2b924940007', 'passive'::flows.meter_mode_enum, '527eed5d-2f81-4abe-a7f4-6fff8ac72703'),
    ('4790554d-a06f-4847-bad6-d0f371af5872', 'EML2137580770', 12199781, '100.79.244.119', 'WLCE.Plot-09.C', '2023-08-03 23:02:02.324915', '2023-09-12 06:00:01.788', 'enabled', '2022-W48', 'C1.w', false, false, '8988303000006691446', '1983d7d6-3753-4289-99c7-b2b924940007', 'passive'::flows.meter_mode_enum, '527eed5d-2f81-4abe-a7f4-6fff8ac72703'),
    ('6acd0d97-acca-45a5-869b-6e843c1cc9a9', 'EMP1AX2137000248', 12585039, '100.79.244.147', 'WLCE.Plot-24-25.G', '2023-08-06 04:16:51.136331', '2023-09-12 06:00:01.788', 'enabled', '2023-W03', 'P1.ax', NULL, NULL, '8988303000007439908', '1983d7d6-3753-4289-99c7-b2b924940007', 'passive'::flows.meter_mode_enum, '527eed5d-2f81-4abe-a7f4-6fff8ac72703'),
    ('361035b7-911e-4bfa-95d3-245408ab4448', 'EMP1AX2149001418', 12585046, '100.79.244.159', 'WLCE.Undercroft.C', '2023-08-03 23:02:02.324915', '2023-09-12 06:00:01.788', 'enabled', NULL, NULL, NULL, NULL, '8988303000007439915', '1983d7d6-3753-4289-99c7-b2b924940007', 'passive'::flows.meter_mode_enum, '527eed5d-2f81-4abe-a7f4-6fff8ac72703'),
    ('04cefec3-75c7-40a0-9689-9f5005f0e592', 'EML2137580765', 12585048, '100.79.244.174', 'WLCE.Plot-14.C', '2023-08-03 23:02:02.324915', '2023-09-12 06:00:01.788', 'enabled', '2023-W02', 'C1.w', false, false, '8988303000007439917', '1983d7d6-3753-4289-99c7-b2b924940007', 'passive'::flows.meter_mode_enum, '527eed5d-2f81-4abe-a7f4-6fff8ac72703'),
    ('e4744b54-64ab-4b49-b9aa-3375f3d3ae42', 'EML2137580775', 12585052, '100.79.244.162', 'WLCE.Plot-15.C', '2023-08-03 23:02:02.324915', '2023-09-12 06:00:01.788', 'enabled', NULL, 'C1.w', false, false, '8988303000007439921', '1983d7d6-3753-4289-99c7-b2b924940007', 'passive'::flows.meter_mode_enum, '527eed5d-2f81-4abe-a7f4-6fff8ac72703'),
    ('e35708c8-6349-41a3-bb69-1f0b2ea35a7a', 'EML2137580723', 12585053, '100.79.244.175', 'WLCE.Plot-18-19.C', '2023-08-03 23:02:02.324915', '2023-09-12 06:00:01.788', 'enabled', '2023-W03', 'B1.w', NULL, NULL, '8988303000007439922', '1983d7d6-3753-4289-99c7-b2b924940007', 'passive'::flows.meter_mode_enum, '527eed5d-2f81-4abe-a7f4-6fff8ac72703'),
    ('92276ffc-45df-49c2-b6ce-1781db7967ee', 'EML2137580766', 12797713, '100.79.244.191', 'WLCE.Plot-13.C', '2023-08-03 23:02:02.324915', '2023-09-12 06:00:01.788', 'enabled', NULL, NULL, NULL, NULL, '8988303000006908271', '1983d7d6-3753-4289-99c7-b2b924940007', 'passive'::flows.meter_mode_enum, '527eed5d-2f81-4abe-a7f4-6fff8ac72703'),
    ('02bf733d-15ca-4d82-8943-68424024cd96', 'EML2137580751', 13128888, '100.79.244.216', 'HMCE.Plot-01.C', '2023-08-03 23:02:02.324915', '2023-09-12 06:00:01.788', 'enabled', NULL, 'C1.w', NULL, NULL, '8988303000008029999', '9216abca-eeff-462b-8029-75319b24643a', 'passive'::flows.meter_mode_enum, '363ff821-3a56-4b43-8227-8e53c45fbcdb'),
    ('cf03b498-bb09-435c-8bad-301903bbd691', 'EML2137580777', 13128889, '100.79.244.205', 'HMCE.Plot-02.C', '2023-08-03 23:02:02.324915', '2023-09-12 06:00:01.788', 'enabled', NULL, 'C1.w', NULL, NULL, '8988303000008029990', '9216abca-eeff-462b-8029-75319b24643a', 'passive'::flows.meter_mode_enum, '363ff821-3a56-4b43-8227-8e53c45fbcdb'),
    ('c87dd41e-71bd-4ae2-a738-5f2737981e46', 'EML2137580826', 13128367, '100.79.244.203', 'Lab-QA1.C', '2023-08-03 23:02:02.324915', '2023-09-12 06:00:01.788', 'enabled', NULL, 'C1.w', NULL, NULL, '89883030000080298984', '1983d7d6-3753-4289-99c7-b2b924940007', 'passive'::flows.meter_mode_enum, '68456b3f-35c6-44f1-9f14-563ab64e8ceb'),
    ('91bb8372-4ca4-4465-a9da-2a995493e09b', 'EML2244826972', 13128368, '100.79.244.215', 'wlce-QA-Plot-11.C', '2023-08-16 12:00:12.627028', '2023-09-11 06:00:01.187', 'enabled', NULL, 'C1.w', true, NULL, '8988303000008029899', '1983d7d6-3753-4289-99c7-b2b924940007', 'passive'::flows.meter_mode_enum, '68456b3f-35c6-44f1-9f14-563ab64e8ceb');


UPDATE "flows"."meter_shadows" AS ms 
SET id = v.id::uuid,
    balance = v.balance,
    created_at = v.created_at::timestamptz,
    updated_at = v.updated_at::timestamptz,
    clock_time_diff_seconds = v.clock_time_diff_seconds,
    csq = v.csq,
    emnify_connectivity_status = v.emnify_connectivity_status::flows.emnify_device_connectivity_status_enum,
    health = v.health::flows.health_check_status,
    health_details = v.health_details,
    last_healthy_at = v.last_healthy_at::timestamptz
FROM (VALUES 
    ('4790554d-a06f-4847-bad6-d0f371af5872', 0.0, '2023-08-06 06:17:06.254501', '2023-09-12 09:01:53.440628', 32, 15, 'online', 'healthy', '', '2023-09-12 09:01:53.574653'),
    ('864e90e7-7143-4778-80be-d1b810ddceb5', 0.0, '2023-08-06 06:17:06.254501', '2023-09-12 09:03:28.698393', 5, 21, 'online', 'healthy', '', '2023-09-12 09:03:28.955361'),
    ('134f7158-dbd9-4c4d-9c0a-3d349e17f3ec', 3.0, '2023-08-06 06:17:06.254501', '2023-09-12 09:00:19.463989', 3, 6, 'online', 'healthy', '', '2023-09-12 09:00:19.575158'),
    ('44d8a776-3238-4944-9488-202271ae0a8e', 3.0, '2023-08-06 06:17:06.254501', '2023-09-12 09:01:54.110659', 3, 8, 'online', 'healthy', '', '2023-09-12 09:01:54.208597'),
    ('efeea5fd-9069-4e72-b9eb-7e5f4b137770', 0.0, '2023-08-06 06:17:06.254501', '2023-09-12 09:03:29.161668', 56, 18, 'online', 'healthy', '', '2023-09-12 09:03:29.259128'),
    ('e35708c8-6349-41a3-bb69-1f0b2ea35a7a', NULL, '2023-08-06 06:17:06.254501', '2023-09-12 09:00:19.505474', 6, 16, 'online', 'healthy', '', '2023-09-12 09:00:19.662607'),
    ('b2b268ee-176b-4e66-95e4-c8055ab5e662', NULL, '2023-08-06 06:17:06.254501', '2023-09-12 09:03:29.936785', 9, 17, 'online', 'healthy', '', '2023-09-12 09:03:30.036771'),
    ('e4744b54-64ab-4b49-b9aa-3375f3d3ae42', 3.0, '2023-08-06 06:17:06.254501', '2023-09-12 09:01:55.084829', 105, 21, 'online', 'healthy', '', '2023-09-12 09:01:55.1822'),
    ('6e86ee24-e3fe-4441-8125-b4d2f2e3f22b', NULL, '2023-08-06 06:17:06.254501', '2023-09-12 09:00:30.294885', 1, 7, 'online', 'unhealthy', 'Deadline Exceeded', '2023-09-12 09:00:30.474441'),
    ('c913aaf0-e3a0-410b-803f-0a6f3bcdb615', 3.0, '2023-08-06 06:17:06.254501', '2023-09-12 09:03:30.236038', 5, 18, 'online', 'healthy', '', '2023-09-12 09:03:30.324591'),
    ('dfc4778c-300b-4d4f-abb2-d769016f082c', 3.0, '2023-08-06 06:17:06.254501', '2023-09-12 09:00:49.711963', 0, 11, 'online', 'healthy', '', '2023-09-12 09:00:49.832328'),
    ('d2d52044-df76-4b99-93be-e6c0beb9fd9b', 0.0, '2023-08-06 06:17:06.254501', '2023-09-12 09:01:55.98728', 8, 15, 'online', 'healthy', '', '2023-09-12 09:01:56.150473'),
    ('f8db45e4-d2e5-4fe0-aaf3-756cdcc54e1e', NULL, '2023-08-06 06:17:06.254501', '2023-09-12 09:03:41.239778', 14, 11, 'online', 'unhealthy', 'Deadline Exceeded', '2023-09-12 09:03:41.332958'),
    ('2af97a6e-4cb0-4b92-872d-8e88d52549e3', 3.0, '2023-08-06 06:17:06.254501', '2023-09-12 09:00:50.089083', 31, 19, 'online', 'healthy', '', '2023-09-12 09:00:50.259135'),
    ('824b9e54-15bf-488c-8518-66d61d3ec2ff', 3.0, '2023-08-06 06:17:06.254501', '2023-09-12 09:02:25.904601', 10, 17, 'online', 'healthy', '', '2023-09-12 09:02:25.978813'),
    ('0717152a-4059-48a2-8df0-3517ed8ac1b4', 3.0, '2023-08-06 06:17:06.254501', '2023-09-12 09:00:50.532075', 20, 11, 'online', 'healthy', '', '2023-09-12 09:00:50.666625'),
    ('6acd0d97-acca-45a5-869b-6e843c1cc9a9', NULL, '2023-08-06 06:17:06.254501', '2023-09-12 09:03:59.591542', 17, 15, 'online', 'healthy', '', '2023-09-12 09:03:59.759498'),
    ('1cb9312a-3621-4b65-9e3a-70509990bac4', 3.0, '2023-08-06 06:17:06.254501', '2023-09-12 09:02:26.172868', 52, 12, 'online', 'healthy', '', '2023-09-12 09:02:26.313101'),
    ('01d33e2d-c040-4f27-b813-b1ac1df24020', 3.0, '2023-08-06 06:17:06.254501', '2023-09-12 09:00:50.740448', 3, 10, 'online', 'healthy', '', '2023-09-12 09:00:50.849706'),
    ('2e3fbdaf-0078-4c9c-b046-7090df562679', 0.0, '2023-08-06 06:17:06.254501', '2023-09-12 09:02:26.190238', 6, 18, 'online', 'healthy', '', '2023-09-12 09:02:26.338491'),
    ('4d662e3a-c785-4760-88e4-ad7f84c18e87', NULL, '2023-08-06 06:17:06.254501', '2023-09-12 09:01:02.693859', 7, 9, 'online', 'unhealthy', 'Deadline Exceeded', '2023-09-12 09:01:02.807178'),
    ('ae4806a5-244b-4fa7-bb72-0d77622ad5bf', NULL, '2023-08-06 06:17:06.254501', '2023-09-12 09:03:59.634677', 56, 17, 'online', 'healthy', '', '2023-09-12 09:03:59.780033'),
    ('d4ae8f83-6583-4d98-b840-a24832ef10e5', 3.0, '2023-08-06 06:17:06.254501', '2023-09-12 09:02:26.431446', 2, 19, 'online', 'healthy', '', '2023-09-12 09:02:26.580144'),
    ('04cefec3-75c7-40a0-9689-9f5005f0e592', 3.0, '2023-08-06 06:17:06.254501', '2023-09-12 09:01:21.283735', 5, 24, 'online', 'healthy', '', '2023-09-12 09:01:21.425696'),
    ('7b1f0e2d-a385-4618-b039-fb271abd9af1', 3.0, '2023-08-06 06:17:06.254501', '2023-09-12 09:03:59.925526', 32, 22, 'online', 'healthy', '', '2023-09-12 09:04:00.047501'),
    ('baca4be8-6068-461a-b2fe-add172ae39b7', 0.0, '2023-08-06 06:17:06.254501', '2023-09-12 09:02:27.063411', 236, 19, 'online', 'healthy', '', '2023-09-12 09:02:27.124945'),
    ('361035b7-911e-4bfa-95d3-245408ab4448', NULL, '2023-08-06 06:17:06.254501', '2023-09-12 09:04:00.001877', 2, 10, 'online', 'healthy', '', '2023-09-12 09:04:00.156913'),
    ('fc12d38e-a324-4f96-9b66-be547ff92882', NULL, '2023-08-06 06:17:06.254501', '2023-09-12 09:01:21.937522', 11, 15, 'online', 'healthy', '', '2023-09-12 09:01:22.072725'),
    ('1798893d-783a-4137-8cdd-42008505d7b6', 3.0, '2023-08-06 06:17:06.254501', '2023-09-12 09:02:57.145706', 11, 14, 'online', 'healthy', '', '2023-09-12 09:02:57.298998'),
    ('92276ffc-45df-49c2-b6ce-1781db7967ee', NULL, '2023-08-06 06:17:06.254501', '2023-09-12 09:01:22.139685', 84, 24, 'online', 'healthy', '', '2023-09-12 09:01:22.423556'),
    ('b0b07098-a7c9-4a35-b600-84a3885a0cbc', NULL, '2023-08-06 06:17:06.254501', '2023-09-12 09:04:00.625624', 15, 14, 'online', 'healthy', '', '2023-09-12 09:04:00.714272'),
    ('973efbbd-ed6d-40cc-a908-e5333d2a535e', 0.0, '2023-08-06 06:17:06.254501', '2023-09-12 09:02:57.287554', 11, 21, 'online', 'healthy', '', '2023-09-12 09:02:57.402779'),
    ('dc23b4cf-272c-4321-ba84-e72f461146ad', 0.0, '2023-08-06 06:17:06.254501', '2023-09-12 09:01:22.948882', 4, 13, 'online', 'healthy', '', '2023-09-12 09:01:23.087479'),
    ('fe46a7af-3ed0-49ca-8815-2bfc7f5583f3', 3.0, '2023-08-06 06:17:06.254501', '2023-09-12 09:02:57.291969', 3, 12, 'online', 'healthy', '', '2023-09-12 09:02:57.593494'),
    ('6fcfe359-2302-4966-b3c7-5000627fc0b4', 0.0, '2023-08-06 06:17:06.254501', '2023-09-12 09:02:58.129102', 11, 19, 'online', 'healthy', '', '2023-09-12 09:02:58.233422'),
    ('4e83e0f0-8439-414b-aead-4dfde8f4eb05', 3.0, '2023-08-06 06:17:06.254501', '2023-09-12 09:01:23.736864', 11106, 9, 'online', 'healthy', '', '2023-09-12 09:01:23.877471'),
    ('02bf733d-15ca-4d82-8943-68424024cd96', 77.10, '2023-08-16 12:00:17.788902', '2023-09-12 09:00:18.218008', 45, 12, 'online', 'healthy', '', '2023-09-12 09:00:18.350317'),
    ('91bb8372-4ca4-4465-a9da-2a995493e09b', 98.34, '2023-08-16 12:00:17.788902', '2023-09-12 09:00:18.218008', 45, 12, 'online', 'healthy', '', '2023-09-12 09:00:18.350317'),
    ('e6eb04bc-4a69-406e-8a0f-c7cc1ca58805', 0.0, '2023-08-06 06:17:06.254501', '2023-09-12 09:03:08.903743', 12, 8, 'online', 'unhealthy', 'Deadline Exceeded', '2023-09-12 09:03:08.973149'),
    ('1ed6b911-4955-48a9-b1d9-105cc712b2f1', 3.0, '2023-08-06 06:17:06.254501', '2023-09-12 09:01:53.375364', 4, 15, 'online', 'healthy', '', '2023-09-12 09:01:53.490484'),
    ('b489e417-c9aa-409d-8d95-4189b591678b', NULL, '2023-08-06 06:17:06.254501', '2023-09-12 09:00:19.292528', 7, 20, 'online', 'healthy', '', '2023-09-12 09:00:19.409721')
) as v(id, balance, created_at, updated_at, clock_time_diff_seconds, csq, emnify_connectivity_status, health, health_details, last_healthy_at)
WHERE ms.id = v.id::uuid;

INSERT INTO flows.service_head_meter (service_head,meter,created_at) VALUES
     ('1ec6041f-3864-463a-b428-ed0c3a51dcbc'::uuid,'b489e417-c9aa-409d-8d95-4189b591678b'::uuid,'2024-08-01 03:26:04.143823+00'),
     ('f17b9805-294a-4afb-add7-828e51180942'::uuid,'1ed6b911-4955-48a9-b1d9-105cc712b2f1'::uuid,'2024-08-01 03:26:04.143823+00'),
     ('b812ec6d-d3cd-497b-8ac2-2a48ee6661cf'::uuid,'dfc4778c-300b-4d4f-abb2-d769016f082c'::uuid,'2024-08-01 03:26:04.143823+00'),
     ('a9f447a5-fe6a-4646-9076-fb3de1c93373'::uuid,'dc23b4cf-272c-4321-ba84-e72f461146ad'::uuid,'2024-08-01 03:26:04.143823+00'),
     ('35b71079-3184-435b-9481-a3d612e3dfde'::uuid,'01d33e2d-c040-4f27-b813-b1ac1df24020'::uuid,'2024-08-01 03:26:04.143823+00'),
     ('d907936c-3a8b-4969-89aa-8ff5ef0754a8'::uuid,'1cb9312a-3621-4b65-9e3a-70509990bac4'::uuid,'2024-08-01 03:26:04.143823+00'),
     ('8ab6db48-3f48-46e1-9d2a-c108f14520de'::uuid,'e6eb04bc-4a69-406e-8a0f-c7cc1ca58805'::uuid,'2024-08-01 03:26:04.143823+00'),
     ('d1f68d2b-903f-44a0-af84-810eeefef627'::uuid,'fe46a7af-3ed0-49ca-8815-2bfc7f5583f3'::uuid,'2024-08-01 03:26:04.143823+00'),
     ('f3865205-a602-4223-8c06-8147799e50aa'::uuid,'44d8a776-3238-4944-9488-202271ae0a8e'::uuid,'2024-08-01 03:26:04.143823+00'),
     ('b440601d-6c2f-4d1b-8f03-3ac2c5cb93b8'::uuid,'6e86ee24-e3fe-4441-8125-b4d2f2e3f22b'::uuid,'2024-08-01 03:26:04.143823+00'),
     ('c03baadd-6150-413b-9ebe-69e1ac049217'::uuid,'d4ae8f83-6583-4d98-b840-a24832ef10e5'::uuid,'2024-06-01 00:00:00.143823+00'),
     ('c03baadd-6150-413b-9ebe-69e1ac049217'::uuid,'70377361-35e8-40a1-90c6-6d47644ca54e'::uuid,'2024-08-03 04:26:04.143823+00'),
     ('b53268ea-7eea-4e69-b7aa-c2a77b59a8a6'::uuid,'0717152a-4059-48a2-8df0-3517ed8ac1b4'::uuid,'2024-08-01 03:26:04.143823+00'),
     ('faf68ab7-ecf9-4aff-9114-a302bb780e0e'::uuid,'6fcfe359-2302-4966-b3c7-5000627fc0b4'::uuid,'2024-08-01 03:26:04.143823+00'),
     ('7e7f5dd6-149b-447d-b4ee-791ff252fb84'::uuid,'2af97a6e-4cb0-4b92-872d-8e88d52549e3'::uuid,'2024-08-01 03:26:04.143823+00'),
     ('e2902786-f5c4-4d27-ad67-ac9b65412e9f'::uuid,'c913aaf0-e3a0-410b-803f-0a6f3bcdb615'::uuid,'2024-08-01 03:26:04.143823+00'),
     ('b4310dec-443f-4543-82bd-cc9db039ff94'::uuid,'ae4806a5-244b-4fa7-bb72-0d77622ad5bf'::uuid,'2024-08-01 03:26:04.143823+00'),
     ('ed764db4-62b4-4559-8fa4-812239e5ea3d'::uuid,'b0b07098-a7c9-4a35-b600-84a3885a0cbc'::uuid,'2024-08-01 03:26:04.143823+00'),
     ('00c35814-6295-4381-bbc8-16fec4445b3d'::uuid,'824b9e54-15bf-488c-8518-66d61d3ec2ff'::uuid,'2024-08-01 03:26:04.143823+00'),
     ('c1ddb1db-2fa9-4d73-8bbf-51ca8a449ba9'::uuid,'1798893d-783a-4137-8cdd-42008505d7b6'::uuid,'2024-08-01 03:26:04.143823+00'),
     ('99e5fe2d-9269-4b3b-aaae-bdc79231c369'::uuid,'4d662e3a-c785-4760-88e4-ad7f84c18e87'::uuid,'2024-08-01 03:26:04.143823+00'),
     ('4b112f8e-f69a-4da9-96e0-aeaa50a19906'::uuid,'2e3fbdaf-0078-4c9c-b046-7090df562679'::uuid,'2024-08-01 03:26:04.143823+00'),
     ('675b673c-cb09-489b-88bf-0ade59f38099'::uuid,'973efbbd-ed6d-40cc-a908-e5333d2a535e'::uuid,'2024-08-01 03:26:04.143823+00'),
     ('ff2e5723-b255-499e-a977-5fdeb523cf67'::uuid,'d2d52044-df76-4b99-93be-e6c0beb9fd9b'::uuid,'2024-08-01 03:26:04.143823+00'),
     ('42e8f144-6a9f-4a4b-a873-af2c16d89532'::uuid,'864e90e7-7143-4778-80be-d1b810ddceb5'::uuid,'2024-08-01 03:26:04.143823+00'),
     ('06f8bc17-ce72-40a1-8108-40788a2c7c18'::uuid,'f8db45e4-d2e5-4fe0-aaf3-756cdcc54e1e'::uuid,'2024-08-01 03:26:04.143823+00'),
     ('3f5aa69f-69fd-494a-a1be-ee56e5c58e2d'::uuid,'fc12d38e-a324-4f96-9b66-be547ff92882'::uuid,'2024-08-01 03:26:04.143823+00'),
     ('c618ae90-ad00-4615-9402-c45431a0909e'::uuid,'7b1f0e2d-a385-4618-b039-fb271abd9af1'::uuid,'2024-08-01 03:26:04.143823+00'),
     ('c48bc42a-22ef-4165-a89c-8bcef03d2c1f'::uuid,'b2b268ee-176b-4e66-95e4-c8055ab5e662'::uuid,'2024-08-01 03:26:04.143823+00'),
     ('3ad78726-7442-489c-ab74-67cd3fc51aeb'::uuid,'efeea5fd-9069-4e72-b9eb-7e5f4b137770'::uuid,'2024-08-01 03:26:04.143823+00'),
     ('5e9585e2-5836-4ba3-b78b-ba6df26a861f'::uuid,'4e83e0f0-8439-414b-aead-4dfde8f4eb05'::uuid,'2024-08-01 03:26:04.143823+00'),
     ('2afd3aa2-39f1-41c9-9b5b-b77341d40981'::uuid,'baca4be8-6068-461a-b2fe-add172ae39b7'::uuid,'2024-08-01 03:26:04.143823+00'),
     ('9063dab7-3df5-4cb1-a511-1fc7b27c5506'::uuid,'134f7158-dbd9-4c4d-9c0a-3d349e17f3ec'::uuid,'2024-08-01 03:26:04.143823+00'),
     ('169ff99f-3a2c-4b29-9172-f5f9f288e061'::uuid,'4790554d-a06f-4847-bad6-d0f371af5872'::uuid,'2024-08-01 03:26:04.143823+00'),
     ('1ec6041f-3864-463a-b428-ed0c3a51dcbc'::uuid,'6acd0d97-acca-45a5-869b-6e843c1cc9a9'::uuid,'2024-08-01 03:26:04.143823+00'),
     ('d4562e0d-fe8a-4f6d-8e79-bd3e20f07333'::uuid,'361035b7-911e-4bfa-95d3-245408ab4448'::uuid,'2024-08-01 03:26:04.143823+00'),
     ('e5798659-8e01-4398-9461-ddd25aead21e'::uuid,'04cefec3-75c7-40a0-9689-9f5005f0e592'::uuid,'2024-08-01 03:26:04.143823+00'),
     ('234b94f5-3fc7-4d4c-bf5c-31d9b69c0680'::uuid,'e4744b54-64ab-4b49-b9aa-3375f3d3ae42'::uuid,'2024-08-01 03:26:04.143823+00'),
     ('b4310dec-443f-4543-82bd-cc9db039ff94'::uuid,'e35708c8-6349-41a3-bb69-1f0b2ea35a7a'::uuid,'2024-08-01 03:26:04.143823+00'),
     ('93bca7be-aadf-48fe-8f80-18c3b65d925e'::uuid,'92276ffc-45df-49c2-b6ce-1781db7967ee'::uuid,'2024-08-01 03:26:04.143823+00'),
     ('d67bd5b0-016a-4825-a410-25f99ba12e6d'::uuid,'02bf733d-15ca-4d82-8943-68424024cd96'::uuid,'2024-08-01 03:26:04.143823+00'),
     ('546629e1-290e-43f8-8ffd-654d492a66c7'::uuid,'cf03b498-bb09-435c-8bad-301903bbd691'::uuid,'2024-08-01 03:26:04.143823+00'),
     ('d39a7395-030f-4d22-a625-08caef1084c4'::uuid,'c87dd41e-71bd-4ae2-a738-5f2737981e46'::uuid,'2024-08-01 03:26:04.143823+00'),
     ('5cf747e7-430a-4a13-8431-15ac0a75c4cc'::uuid,'91bb8372-4ca4-4465-a9da-2a995493e09b'::uuid,'2024-08-01 03:26:04.143823+00');

INSERT INTO flows.meter_tophat_registry (id,meter,emnify_id,ip_address,iccid,updated_at,created_at) VALUES
     ('ec493e69-8739-44a8-ac39-f7812aabeec6'::uuid,'b489e417-c9aa-409d-8d95-4189b591678b',9651015,'100.79.244.33'::inet,'8988303000000453473','2024-08-01 04:26:53.393651+00','2024-08-01 04:26:53.393651+00'),
     ('673eb23a-c891-40da-8f7d-19a98e4068ac'::uuid,'1ed6b911-4955-48a9-b1d9-105cc712b2f1',11378007,'100.79.244.151'::inet,'8988303000005120261','2024-08-01 04:26:53.393651+00','2024-08-01 04:26:53.393651+00'),
     ('287a0181-10ce-4c40-833f-f3254bf19966'::uuid,'dfc4778c-300b-4d4f-abb2-d769016f082c',11378009,'100.79.244.152'::inet,'8988303000005120262','2024-08-01 04:26:53.393651+00','2024-08-01 04:26:53.393651+00'),
     ('a8dbbbe9-af0e-4bb4-8783-ef23ed20c77f'::uuid,'dc23b4cf-272c-4321-ba84-e72f461146ad',11378018,'100.79.244.153'::inet,'8988303000005120263','2024-08-01 04:26:53.393651+00','2024-08-01 04:26:53.393651+00'),
     ('42c1d48e-a8e1-4003-8ed4-a589d3623b5a'::uuid,'01d33e2d-c040-4f27-b813-b1ac1df24020',11378024,'100.79.244.154'::inet,'8988303000005120264','2024-08-01 04:26:53.393651+00','2024-08-01 04:26:53.393651+00'),
     ('2e4e9ecb-aff8-43a4-9a3f-02c6a3a52aa0'::uuid,'1cb9312a-3621-4b65-9e3a-70509990bac4',11378028,'100.79.244.155'::inet,'8988303000005120265','2024-08-01 04:26:53.393651+00','2024-08-01 04:26:53.393651+00'),
     ('205d6e00-8441-4470-8289-860c9ab752f1'::uuid,'e6eb04bc-4a69-406e-8a0f-c7cc1ca58805',11378029,'100.79.244.156'::inet,'8988303000005120266','2024-08-01 04:26:53.393651+00','2024-08-01 04:26:53.393651+00'),
     ('dd223118-30c2-4ea8-8bf8-44bc3d5ae3e1'::uuid,'fe46a7af-3ed0-49ca-8815-2bfc7f5583f3',11378030,'100.79.244.157'::inet,'8988303000005120267','2024-08-01 04:26:53.393651+00','2024-08-01 04:26:53.393651+00'),
     ('df47ff58-b4c3-4e82-bc8a-6a124878d5bc'::uuid,'44d8a776-3238-4944-9488-202271ae0a8e',11378031,'100.79.244.164'::inet,'8988303000005120268','2024-08-01 04:26:53.393651+00','2024-08-01 04:26:53.393651+00'),
     ('d0d1cb47-fc0d-4d61-94a7-b165a9ecf92a'::uuid,'6e86ee24-e3fe-4441-8125-b4d2f2e3f22b',11378032,'100.79.244.165'::inet,'8988303000005120269','2024-08-01 04:26:53.393651+00','2024-08-01 04:26:53.393651+00'),
     ('2ffab5c5-5ff4-4f3c-8cf3-1cdbaf45cffe'::uuid,'d4ae8f83-6583-4d98-b840-a24832ef10e5',11378888,'100.79.211.155'::inet,'8988303000005122222','2024-08-01 04:26:53.393651+00','2024-08-01 04:26:53.393651+00'),
     ('73e2fb2a-b4c6-4ced-8673-a535223de165'::uuid,'70377361-35e8-40a1-90c6-6d47644ca54e',11378034,'100.79.244.150'::inet,'8988303000005120260','2024-08-01 04:26:53.393651+00','2024-08-01 04:26:53.393651+00'),
     ('244557ba-f275-4765-8a76-5595a61cd16d'::uuid,'0717152a-4059-48a2-8df0-3517ed8ac1b4',12108318,'100.79.244.89'::inet,'8988303000005120277','2024-08-01 04:26:53.393651+00','2024-08-01 04:26:53.393651+00'),
     ('2c6704c6-740a-4dbf-abde-f4d216cd71a3'::uuid,'6fcfe359-2302-4966-b3c7-5000627fc0b4',12108319,'100.79.244.125'::inet,'8988303000005120281','2024-08-01 04:26:53.393651+00','2024-08-01 04:26:53.393651+00'),
     ('030f754b-6e7e-44f1-9b80-128366a85a04'::uuid,'2af97a6e-4cb0-4b92-872d-8e88d52549e3',12108321,'100.79.244.126'::inet,'8988303000005120283','2024-08-01 04:26:53.393651+00','2024-08-01 04:26:53.393651+00'),
     ('da6ad2e3-8941-43b5-b233-b8c4a6a1ca3e'::uuid,'c913aaf0-e3a0-410b-803f-0a6f3bcdb615',12108322,'100.79.244.127'::inet,'8988303000005120284','2024-08-01 04:26:53.393651+00','2024-08-01 04:26:53.393651+00'),
     ('a55ca46f-ceac-447e-a1b0-ed2786c66324'::uuid,'ae4806a5-244b-4fa7-bb72-0d77622ad5bf',12108323,'100.79.244.129'::inet,'8988303000005120295','2024-08-01 04:26:53.393651+00','2024-08-01 04:26:53.393651+00'),
     ('76f978ab-6c0b-4ee0-93c9-e28fa9cbaafd'::uuid,'b0b07098-a7c9-4a35-b600-84a3885a0cbc',12108324,'100.79.244.128'::inet,'8988303000005120296','2024-08-01 04:26:53.393651+00','2024-08-01 04:26:53.393651+00'),
     ('64a3387c-7800-49e6-9259-4d4978ecb0b0'::uuid,'824b9e54-15bf-488c-8518-66d61d3ec2ff',12108325,'100.79.244.90'::inet,'8988303000005120297','2024-08-01 04:26:53.393651+00','2024-08-01 04:26:53.393651+00'),
     ('a56711c0-d624-4719-8361-f4af925e67a4'::uuid,'1798893d-783a-4137-8cdd-42008505d7b6',12199765,'100.79.244.106'::inet,'8988303000006691430','2024-08-01 04:26:53.393651+00','2024-08-01 04:26:53.393651+00'),
     ('ba00aaf6-a17e-40c4-8aa3-05b46f0389b5'::uuid,'4d662e3a-c785-4760-88e4-ad7f84c18e87',12199766,'100.79.244.107'::inet,'8988303000006691431','2024-08-01 04:26:53.393651+00','2024-08-01 04:26:53.393651+00'),
     ('3f65414d-309a-402d-9750-389e0fa565e3'::uuid,'2e3fbdaf-0078-4c9c-b046-7090df562679',12199767,'100.79.244.131'::inet,'8988303000006691432','2024-08-01 04:26:53.393651+00','2024-08-01 04:26:53.393651+00'),
     ('be028f30-5c4d-4ff4-a5de-6d0b9f39e886'::uuid,'973efbbd-ed6d-40cc-a908-e5333d2a535e',12199768,'100.79.244.130'::inet,'8988303000006691433','2024-08-01 04:26:53.393651+00','2024-08-01 04:26:53.393651+00'),
     ('78a58c90-74ae-4b59-bde7-460964d81eaf'::uuid,'d2d52044-df76-4b99-93be-e6c0beb9fd9b',12199769,'100.79.244.108'::inet,'8988303000006691434','2024-08-01 04:26:53.393651+00','2024-08-01 04:26:53.393651+00'),
     ('807453db-4a74-4d75-9556-a99946fa6fa2'::uuid,'864e90e7-7143-4778-80be-d1b810ddceb5',12199770,'100.79.244.112'::inet,'8988303000006691435','2024-08-01 04:26:53.393651+00','2024-08-01 04:26:53.393651+00'),
     ('e794781e-a701-4751-8a7f-5199f93d7969'::uuid,'f8db45e4-d2e5-4fe0-aaf3-756cdcc54e1e',12199771,'100.79.244.132'::inet,'8988303000006691436','2024-08-01 04:26:53.393651+00','2024-08-01 04:26:53.393651+00'),
     ('8fdcf85d-5538-455f-9aa9-a63ca7163124'::uuid,'fc12d38e-a324-4f96-9b66-be547ff92882',12199772,'100.79.244.113'::inet,'8988303000006691437','2024-08-01 04:26:53.393651+00','2024-08-01 04:26:53.393651+00'),
     ('8df68b10-200e-4a36-8d49-f487f37d2513'::uuid,'7b1f0e2d-a385-4618-b039-fb271abd9af1',12199773,'100.79.244.114'::inet,'8988303000006691438','2024-08-01 04:26:53.393651+00','2024-08-01 04:26:53.393651+00'),
     ('64d2a17a-2555-4c93-8120-d59a86f1eb4a'::uuid,'b2b268ee-176b-4e66-95e4-c8055ab5e662',12199774,'100.79.244.134'::inet,'8988303000006691439','2024-08-01 04:26:53.393651+00','2024-08-01 04:26:53.393651+00'),
     ('156e5f66-5009-4cf1-9799-31672e8ecd0a'::uuid,'efeea5fd-9069-4e72-b9eb-7e5f4b137770',12199777,'100.79.244.116'::inet,'8988303000006691442','2024-08-01 04:26:53.393651+00','2024-08-01 04:26:53.393651+00'),
     ('8a736409-9eea-4278-aab8-b47e140dda1f'::uuid,'4e83e0f0-8439-414b-aead-4dfde8f4eb05',12199778,'100.79.244.139'::inet,'8988303000006691443','2024-08-01 04:26:53.393651+00','2024-08-01 04:26:53.393651+00'),
     ('326f2e06-b361-4249-abf2-14c697d0f34c'::uuid,'baca4be8-6068-461a-b2fe-add172ae39b7',12199779,'100.79.244.117'::inet,'8988303000006691444','2024-08-01 04:26:53.393651+00','2024-08-01 04:26:53.393651+00'),
     ('3d2a728d-d649-4b13-89d3-ad023343fc82'::uuid,'134f7158-dbd9-4c4d-9c0a-3d349e17f3ec',12199780,'100.79.244.118'::inet,'8988303000006691445','2024-08-01 04:26:53.393651+00','2024-08-01 04:26:53.393651+00'),
     ('1d16cea2-551c-42cd-93d0-7fc138ef8c53'::uuid,'4790554d-a06f-4847-bad6-d0f371af5872',12199781,'100.79.244.119'::inet,'8988303000006691446','2024-08-01 04:26:53.393651+00','2024-08-01 04:26:53.393651+00'),
     ('186bd70a-c436-41dc-ba03-0a4a6f7f059f'::uuid,'6acd0d97-acca-45a5-869b-6e843c1cc9a9',12585039,'100.79.244.147'::inet,'8988303000007439908','2024-08-01 04:26:53.393651+00','2024-08-01 04:26:53.393651+00'),
     ('8a28014b-a252-4362-83e6-b47a9b750e24'::uuid,'361035b7-911e-4bfa-95d3-245408ab4448',12585046,'100.79.244.159'::inet,'8988303000007439915','2024-08-01 04:26:53.393651+00','2024-08-01 04:26:53.393651+00'),
     ('d95b6670-c9e8-4884-b31f-2176ba0cf339'::uuid,'04cefec3-75c7-40a0-9689-9f5005f0e592',12585048,'100.79.244.174'::inet,'8988303000007439917','2024-08-01 04:26:53.393651+00','2024-08-01 04:26:53.393651+00'),
     ('1d1cb1b9-03a9-419f-b448-1e5341494fb0'::uuid,'e4744b54-64ab-4b49-b9aa-3375f3d3ae42',12585052,'100.79.244.162'::inet,'8988303000007439921','2024-08-01 04:26:53.393651+00','2024-08-01 04:26:53.393651+00'),
     ('7e21de43-c3d5-45dd-b73b-1470c8bfda6c'::uuid,'e35708c8-6349-41a3-bb69-1f0b2ea35a7a',12585053,'100.79.244.175'::inet,'8988303000007439922','2024-08-01 04:26:53.393651+00','2024-08-01 04:26:53.393651+00'),
     ('c33c6867-dc65-42ec-8c74-ebbf5294a2e5'::uuid,'92276ffc-45df-49c2-b6ce-1781db7967ee',12797713,'100.79.244.191'::inet,'8988303000006908271','2024-08-01 04:26:53.393651+00','2024-08-01 04:26:53.393651+00'),
     ('fe30f321-50e4-4f8b-ace4-d9ad003b8e50'::uuid,'02bf733d-15ca-4d82-8943-68424024cd96',13128888,'100.79.244.216'::inet,'8988303000008029999','2024-08-01 04:26:53.393651+00','2024-08-01 04:26:53.393651+00'),
     ('ffc804ec-769c-4886-b596-49056e4d8fab'::uuid,'cf03b498-bb09-435c-8bad-301903bbd691',13128889,'100.79.244.205'::inet,'8988303000008029990','2024-08-01 04:26:53.393651+00','2024-08-01 04:26:53.393651+00'),
     ('40c9a260-1008-4fe2-b224-32e57a5d9b68'::uuid,'c87dd41e-71bd-4ae2-a738-5f2737981e46',13128367,'100.79.244.203'::inet,'89883030000080298984','2024-08-01 04:26:53.393651+00','2024-08-01 04:26:53.393651+00'),
     ('eec9b521-9da6-4828-a47c-863b4c40d2ad'::uuid,'91bb8372-4ca4-4465-a9da-2a995493e09b',13128368,'100.79.244.215'::inet,'8988303000008029899','2024-08-01 04:26:53.393651+00','2024-08-01 04:26:53.393651+00');

INSERT INTO flows.meter_registers (register_id,meter_id,created_at,"status",start_time,end_time,notes) VALUES
     ('c29e0f69-cd9b-4e97-98e5-041541f6b3f5'::uuid,'01d33e2d-c040-4f27-b813-b1ac1df24020'::uuid,'2024-08-01 03:44:55.787897+00', 'enabled', '2022-01-01', null, null),
     ('40a55cf2-a1ad-452e-9f8e-1feabed5b085'::uuid,'01d33e2d-c040-4f27-b813-b1ac1df24020'::uuid,'2024-08-01 03:46:23.276364+00', 'enabled', '2022-01-01', null, null),
     ('84d26ab1-082a-4689-9c97-9fbb2925fbf5'::uuid,'02bf733d-15ca-4d82-8943-68424024cd96'::uuid,'2024-08-01 03:44:55.787897+00', 'enabled', '2022-01-01', null, null),
     ('f07425a9-8153-4cbd-a577-7fd945b899a9'::uuid,'02bf733d-15ca-4d82-8943-68424024cd96'::uuid,'2024-08-01 03:46:23.276364+00', 'enabled', '2022-01-01', null, null),
     ('da700453-7cbf-4c42-b22b-577801ca1ca4'::uuid,'04cefec3-75c7-40a0-9689-9f5005f0e592'::uuid,'2024-08-01 03:44:55.787897+00', 'enabled', '2022-01-01', null, null),
     ('018db255-e4c3-4382-afb1-9ef499cd2253'::uuid,'04cefec3-75c7-40a0-9689-9f5005f0e592'::uuid,'2024-08-01 03:46:23.276364+00', 'enabled', '2022-01-01', null, null),
     ('f410e58f-4822-4ebf-929f-2c16070374c6'::uuid,'0717152a-4059-48a2-8df0-3517ed8ac1b4'::uuid,'2024-08-01 03:46:23.276364+00', 'enabled', '2022-01-01', null, null),
     ('6275dcf0-fdf2-47d8-aa08-4e5d03532c64'::uuid,'0717152a-4059-48a2-8df0-3517ed8ac1b4'::uuid,'2024-08-01 03:44:55.787897+00', 'enabled', '2022-01-01', null, null),
     ('db27b4a2-dc5a-47dd-a572-e0d5e11d92dc'::uuid,'134f7158-dbd9-4c4d-9c0a-3d349e17f3ec'::uuid,'2024-08-01 03:46:23.276364+00', 'enabled', '2022-01-01', null, null),
     ('67cec155-cb95-4a34-8b86-c7a72263b8af'::uuid,'134f7158-dbd9-4c4d-9c0a-3d349e17f3ec'::uuid,'2024-08-01 03:44:55.787897+00', 'enabled', '2022-01-01', null, null),
     ('571e95b5-4fc0-46eb-b68e-268fc9f73984'::uuid,'1798893d-783a-4137-8cdd-42008505d7b6'::uuid,'2024-08-01 03:44:55.787897+00', 'enabled', '2022-01-01', null, null),
     ('865df3e6-9ca7-4986-a4c9-ad355d6202fa'::uuid,'1798893d-783a-4137-8cdd-42008505d7b6'::uuid,'2024-08-01 03:46:23.276364+00', 'enabled', '2022-01-01', null, null),
     ('e252b0e4-1736-42ad-b1ce-f5a45afca6b9'::uuid,'1cb9312a-3621-4b65-9e3a-70509990bac4'::uuid,'2024-08-01 03:46:23.276364+00', 'enabled', '2022-01-01', null, null),
     ('54e5a073-a259-4ecd-95ad-2c2fa4e6fa48'::uuid,'1cb9312a-3621-4b65-9e3a-70509990bac4'::uuid,'2024-08-01 03:44:55.787897+00', 'enabled', '2022-01-01', null, null),
     ('cd23fdbc-5277-466b-ae12-39074489768f'::uuid,'1ed6b911-4955-48a9-b1d9-105cc712b2f1'::uuid,'2024-08-01 03:46:23.276364+00', 'enabled', '2022-01-01', null, null),
     ('b5b1a255-9b36-4e09-b59b-dca14c23540a'::uuid,'1ed6b911-4955-48a9-b1d9-105cc712b2f1'::uuid,'2024-08-01 03:44:55.787897+00', 'enabled', '2022-01-01', null, null),
     ('2650ff06-71d9-4974-9fea-6c3aac2e7e37'::uuid,'2af97a6e-4cb0-4b92-872d-8e88d52549e3'::uuid,'2024-08-01 03:44:55.787897+00', 'enabled', '2022-01-01', null, null),
     ('e11c704d-a6f4-48ae-810f-b74c15e9ebf3'::uuid,'2af97a6e-4cb0-4b92-872d-8e88d52549e3'::uuid,'2024-08-01 03:46:23.276364+00', 'enabled', '2022-01-01', null, null),
     ('2fce4ed3-8d0c-468a-92c7-a683f9ddbe21'::uuid,'2e3fbdaf-0078-4c9c-b046-7090df562679'::uuid,'2024-08-01 03:44:55.787897+00', 'enabled', '2022-01-01', null, null),
     ('0836099f-ead5-49be-b8d8-84b60b6bbbd0'::uuid,'2e3fbdaf-0078-4c9c-b046-7090df562679'::uuid,'2024-08-01 03:46:23.276364+00', 'enabled', '2022-01-01', null, null),
     ('76b27785-8a1b-4fb1-bef8-75c9b1198606'::uuid,'361035b7-911e-4bfa-95d3-245408ab4448'::uuid,'2024-08-01 03:44:55.787897+00', 'enabled', '2022-01-01', null, null),
     ('0484b5cc-d646-4af7-b8ce-c992e7c19a8a'::uuid,'361035b7-911e-4bfa-95d3-245408ab4448'::uuid,'2024-08-01 03:46:23.276364+00', 'enabled', '2022-01-01', null, null),
     ('179ef6a3-4830-4403-97b1-7851e9870a9e'::uuid,'44d8a776-3238-4944-9488-202271ae0a8e'::uuid,'2024-08-01 03:46:23.276364+00', 'enabled', '2022-01-01', null, null),
     ('2470017a-56d0-41af-967e-0e559e443045'::uuid,'44d8a776-3238-4944-9488-202271ae0a8e'::uuid,'2024-08-01 03:44:55.787897+00', 'enabled', '2022-01-01', null, null),
     ('946a0410-7936-4191-8181-d2dcc512b2a6'::uuid,'4790554d-a06f-4847-bad6-d0f371af5872'::uuid,'2024-08-01 03:44:55.787897+00', 'enabled', '2022-01-01', null, null),
     ('eee4d1ce-aa62-4fd3-97fe-74d6d2151a24'::uuid,'4790554d-a06f-4847-bad6-d0f371af5872'::uuid,'2024-08-01 03:46:23.276364+00', 'enabled', '2022-01-01', null, null),
     ('534430ca-639e-4e5c-a3fd-4888c819acaa'::uuid,'4d662e3a-c785-4760-88e4-ad7f84c18e87'::uuid,'2024-08-01 03:46:23.276364+00', 'enabled', '2022-01-01', null, null),
     ('5db6b9cf-7b30-4783-a5d9-e8ec9a98ae94'::uuid,'4d662e3a-c785-4760-88e4-ad7f84c18e87'::uuid,'2024-08-01 03:44:55.787897+00', 'enabled', '2022-01-01', null, null),
     ('75d51bc9-fbc4-404a-b5e0-e6d9b29b71f4'::uuid,'4e83e0f0-8439-414b-aead-4dfde8f4eb05'::uuid,'2024-08-01 03:46:23.276364+00', 'enabled', '2022-01-01', null, null),
     ('d4c11379-c8c6-4ca5-b785-a8da8ed31f51'::uuid,'4e83e0f0-8439-414b-aead-4dfde8f4eb05'::uuid,'2024-08-01 03:44:55.787897+00', 'enabled', '2022-01-01', null, null),
     ('61ac728e-d8bf-4efe-aad9-8392cb67ff7d'::uuid,'6acd0d97-acca-45a5-869b-6e843c1cc9a9'::uuid,'2024-08-01 03:44:55.787897+00', 'enabled', '2022-01-01', null, null),
     ('2fd4f210-a52e-4eea-95d1-2295beaa8920'::uuid,'6e86ee24-e3fe-4441-8125-b4d2f2e3f22b'::uuid,'2024-08-01 03:44:55.787897+00', 'enabled', '2022-01-01', null, null),
     
     -- 19c: 2 old registers replaced as these were the wrong way around - this tests how we fixed that:
     --      - changed the nature and gave them ended_at dates 
     --      - created to new registers going forward and gave them started_at dates 
     ('3e7998e0-ae7f-4100-ac3a-eae0baaa6906'::uuid,'6fcfe359-2302-4966-b3c7-5000627fc0b4'::uuid, '2024-08-01 03:46:23.276364+00', 'replaced', '2022-01-01', '2025-01-01', 'Meter rewired as heat/power were round the wrong way. This register replaced and nature changed so historical data is correct.'),
     ('b7c4e57a-feb3-41ff-ad05-0866ba1383c8'::uuid,'6fcfe359-2302-4966-b3c7-5000627fc0b4'::uuid,'2024-08-01 03:44:55.787897+00', 'replaced', '2022-01-01', '2025-01-01', 'Meter rewired as heat/power were round the wrong way. This register replaced and nature changed so historical data is correct.'),
     
     -- 19c: 2 new registers - see note above 
     ('2715f6f8-8f39-42e1-b342-08c1205bcf71'::uuid,'6fcfe359-2302-4966-b3c7-5000627fc0b4'::uuid, '2024-08-01 03:46:23.276364+00', 'enabled', '2025-01-02', null, 'Register replaces "old" one when heat/power were rewired the correct way.'),
     ('7f2e0489-5e59-49e2-ba39-01ce1ecbb481'::uuid,'6fcfe359-2302-4966-b3c7-5000627fc0b4'::uuid,'2024-08-01 03:44:55.787897+00', 'enabled', '2025-01-02', null, 'Register replaces "old" one when heat/power were rewired the correct way.'),
     
     ('ad32e62c-de63-4311-945a-f67be79c13d8'::uuid,'7b1f0e2d-a385-4618-b039-fb271abd9af1'::uuid,'2024-08-01 03:44:55.787897+00', 'enabled', '2022-01-01', null, null),
     ('70494d99-78aa-4bfa-888a-4673598c87f1'::uuid,'7b1f0e2d-a385-4618-b039-fb271abd9af1'::uuid,'2024-08-01 03:46:23.276364+00', 'enabled', '2022-01-01', null, null),
     ('aacab52e-4073-4128-8865-91294a4a1d0c'::uuid,'824b9e54-15bf-488c-8518-66d61d3ec2ff'::uuid,'2024-08-01 03:46:23.276364+00', 'enabled', '2022-01-01', null, null),
     ('6255c2af-9f07-4d04-b449-5770a176b1ab'::uuid,'824b9e54-15bf-488c-8518-66d61d3ec2ff'::uuid,'2024-08-01 03:44:55.787897+00', 'enabled', '2022-01-01', null, null),
     ('34e6a934-c65d-4684-a98f-115703559539'::uuid,'864e90e7-7143-4778-80be-d1b810ddceb5'::uuid,'2024-08-01 03:46:23.276364+00', 'enabled', '2022-01-01', null, null),
     ('e24901f3-bda2-4ed9-b887-baa3e9eb88c5'::uuid,'864e90e7-7143-4778-80be-d1b810ddceb5'::uuid,'2024-08-01 03:44:55.787897+00', 'enabled', '2022-01-01', null, null),
     ('9b0c950a-d71e-4def-9b9f-b6e4c03fa6e1'::uuid,'91bb8372-4ca4-4465-a9da-2a995493e09b'::uuid,'2024-08-01 03:46:23.276364+00', 'enabled', '2022-01-01', null, null),
     ('cd6a1a5f-2c9f-425a-a77d-7587dfcee1fe'::uuid,'91bb8372-4ca4-4465-a9da-2a995493e09b'::uuid,'2024-08-01 03:44:55.787897+00', 'enabled', '2022-01-01', null, null),
     ('25551ac5-dfce-44dd-93ec-22a085ac6b45'::uuid,'92276ffc-45df-49c2-b6ce-1781db7967ee'::uuid,'2024-08-01 03:44:55.787897+00', 'enabled', '2022-01-01', null, null),
     ('db33040e-12d8-4520-8a48-96fcb9f3be59'::uuid,'92276ffc-45df-49c2-b6ce-1781db7967ee'::uuid,'2024-08-01 03:46:23.276364+00', 'enabled', '2022-01-01', null, null),
     ('ec3a66aa-a06d-4ecb-b314-abac4bd7af94'::uuid,'973efbbd-ed6d-40cc-a908-e5333d2a535e'::uuid,'2024-08-01 03:44:55.787897+00', 'enabled', '2022-01-01', null, null),
     ('5082a80e-a066-42f9-82c7-c647f0f81293'::uuid,'973efbbd-ed6d-40cc-a908-e5333d2a535e'::uuid,'2024-08-01 03:46:23.276364+00', 'enabled', '2022-01-01', null, null),
     ('f1b23740-9882-4497-a4fd-98eda258a0ff'::uuid,'ae4806a5-244b-4fa7-bb72-0d77622ad5bf'::uuid,'2024-08-01 03:44:55.787897+00', 'enabled', '2022-01-01', null, null),
     ('3a5b799c-7cbe-4460-b37e-522f734177aa'::uuid,'b0b07098-a7c9-4a35-b600-84a3885a0cbc'::uuid,'2024-08-01 03:46:23.276364+00', 'enabled', '2022-01-01', null, null),
     ('ed15548d-d384-4e1c-8217-5247f41f1362'::uuid,'b0b07098-a7c9-4a35-b600-84a3885a0cbc'::uuid,'2024-08-01 03:44:55.787897+00', 'enabled', '2022-01-01', null, null),
     ('d4ef5f6c-83f1-47e4-82f5-2b8554a7d898'::uuid,'b2b268ee-176b-4e66-95e4-c8055ab5e662'::uuid,'2024-08-01 03:46:23.276364+00', 'enabled', '2022-01-01', null, null),
     ('aad36160-f05e-42aa-94f0-bad865227377'::uuid,'b2b268ee-176b-4e66-95e4-c8055ab5e662'::uuid,'2024-08-01 03:44:55.787897+00', 'enabled', '2022-01-01', null, null),
     ('80748eef-a8df-4deb-a1a1-987546bda6df'::uuid,'b489e417-c9aa-409d-8d95-4189b591678b'::uuid,'2024-08-01 03:44:55.787897+00', 'enabled', '2022-01-01', null, null),
     ('2d40529c-c942-43a2-a422-8a5c9692fcf2'::uuid,'b489e417-c9aa-409d-8d95-4189b591678b'::uuid,'2024-08-01 03:46:23.276364+00', 'enabled', '2022-01-01', null, null),
     ('f97b9b70-d753-42e1-bae7-60c05867df62'::uuid,'baca4be8-6068-461a-b2fe-add172ae39b7'::uuid,'2024-08-01 03:46:23.276364+00', 'enabled', '2022-01-01', null, null),
     ('22425622-afe5-409d-b5a8-e6b7170d23b6'::uuid,'baca4be8-6068-461a-b2fe-add172ae39b7'::uuid,'2024-08-01 03:44:55.787897+00', 'enabled', '2022-01-01', null, null),
     ('eba7926f-9769-4905-a068-360cd33deb8f'::uuid,'c87dd41e-71bd-4ae2-a738-5f2737981e46'::uuid,'2024-08-01 03:44:55.787897+00', 'enabled', '2022-01-01', null, null),
     ('5ec0803c-ab64-4dae-a972-e3fc3374fb0c'::uuid,'c87dd41e-71bd-4ae2-a738-5f2737981e46'::uuid,'2024-08-01 03:46:23.276364+00', 'enabled', '2022-01-01', null, null),
     ('0985865f-f6dc-4051-a4ed-c07872ffcee1'::uuid,'c913aaf0-e3a0-410b-803f-0a6f3bcdb615'::uuid,'2024-08-01 03:46:23.276364+00', 'enabled', '2022-01-01', null, null),
     ('cef9abf6-bf25-40bc-a7cd-b0005aa404ae'::uuid,'c913aaf0-e3a0-410b-803f-0a6f3bcdb615'::uuid,'2024-08-01 03:44:55.787897+00', 'enabled', '2022-01-01', null, null),
     ('4f50d47c-c69d-4811-a16c-3146fc968935'::uuid,'cf03b498-bb09-435c-8bad-301903bbd691'::uuid,'2024-08-01 03:44:55.787897+00', 'enabled', '2022-01-01', null, null),
     ('671919b5-6ced-4617-b09a-faf36b36190d'::uuid,'cf03b498-bb09-435c-8bad-301903bbd691'::uuid,'2024-08-01 03:46:23.276364+00', 'enabled', '2022-01-01', null, null),
     ('19984431-7e6f-47f9-9f17-8d80e53af01c'::uuid,'d2d52044-df76-4b99-93be-e6c0beb9fd9b'::uuid,'2024-08-01 03:46:23.276364+00', 'enabled', '2022-01-01', null, null),
     ('b424a5c3-314a-4ee6-9cbc-b28b6b5ad30d'::uuid,'d2d52044-df76-4b99-93be-e6c0beb9fd9b'::uuid,'2024-08-01 03:44:55.787897+00', 'enabled', '2022-01-01', null, null),
     ('c41f3626-e032-45bb-8a1c-04080e318895'::uuid,'d4ae8f83-6583-4d98-b840-a24832ef10e5'::uuid,'2024-07-20 00:00:55.787897+00', 'enabled', '2022-01-01', null, null),
     ('2c10aff4-a416-40a4-a60a-3197c75643ed'::uuid,'d4ae8f83-6583-4d98-b840-a24832ef10e5'::uuid,'2024-07-20 00:00:23.276364+00', 'enabled', '2022-01-01', null, null),
     ('1dfd4ffa-9999-46f3-b270-631ac08d8ad6'::uuid,'70377361-35e8-40a1-90c6-6d47644ca54e'::uuid,'2024-08-03 05:00:55.787897+00', 'enabled', '2022-01-01', null, null),
     ('c80694ac-7d17-4bb4-a8c6-88a59eb64617'::uuid,'70377361-35e8-40a1-90c6-6d47644ca54e'::uuid,'2024-08-03 05:00:00.276364+00', 'enabled', '2022-01-01', null, null),
     ('bb05bbe4-4792-4b09-82f3-295b95d22979'::uuid,'dc23b4cf-272c-4321-ba84-e72f461146ad'::uuid,'2024-08-01 03:44:55.787897+00', 'enabled', '2022-01-01', null, null),
     ('a5aebcba-5166-4bad-bd29-022edf441379'::uuid,'dc23b4cf-272c-4321-ba84-e72f461146ad'::uuid,'2024-08-01 03:46:23.276364+00', 'enabled', '2022-01-01', null, null),
     ('6ee067d3-86a5-4fcb-a00d-6a78d46788e5'::uuid,'dfc4778c-300b-4d4f-abb2-d769016f082c'::uuid,'2024-08-01 03:44:55.787897+00', 'enabled', '2022-01-01', null, null),
     ('d6320bc1-6ceb-45b8-8686-9ae3fceea27e'::uuid,'dfc4778c-300b-4d4f-abb2-d769016f082c'::uuid,'2024-08-01 03:46:23.276364+00', 'enabled', '2022-01-01', null, null),
     ('e14dd0d0-3906-484d-9850-9228d8938c82'::uuid,'e35708c8-6349-41a3-bb69-1f0b2ea35a7a'::uuid,'2024-08-01 03:46:23.276364+00', 'enabled', '2022-01-01', null, null),
     ('55b13f0d-5483-4e1a-9833-7d2120008956'::uuid,'e35708c8-6349-41a3-bb69-1f0b2ea35a7a'::uuid,'2024-08-01 03:44:55.787897+00', 'enabled', '2022-01-01', null, null),
     ('0cac8738-7a42-4314-a287-f88b9c8fa268'::uuid,'e4744b54-64ab-4b49-b9aa-3375f3d3ae42'::uuid,'2024-08-01 03:44:55.787897+00', 'enabled', '2022-01-01', null, null),
     ('91413038-fbcc-4b7d-849c-c99181e5e1af'::uuid,'e4744b54-64ab-4b49-b9aa-3375f3d3ae42'::uuid,'2024-08-01 03:46:23.276364+00', 'enabled', '2022-01-01', null, null),
     ('dcc1244a-8447-4801-9b6c-24643ab4ee47'::uuid,'e6eb04bc-4a69-406e-8a0f-c7cc1ca58805'::uuid,'2024-08-01 03:46:23.276364+00', 'enabled', '2022-01-01', null, null),
     ('7e5b1046-792d-494d-8ccf-754e74fdbea4'::uuid,'e6eb04bc-4a69-406e-8a0f-c7cc1ca58805'::uuid,'2024-08-01 03:44:55.787897+00', 'enabled', '2022-01-01', null, null),
     ('9ed7b5da-6628-4b17-af15-73b58f36e3d8'::uuid,'efeea5fd-9069-4e72-b9eb-7e5f4b137770'::uuid,'2024-08-01 03:46:23.276364+00', 'enabled', '2022-01-01', null, null),
     ('66b9c80f-7cb7-4e98-833e-1a6aaecf17d4'::uuid,'efeea5fd-9069-4e72-b9eb-7e5f4b137770'::uuid,'2024-08-01 03:44:55.787897+00', 'enabled', '2022-01-01', null, null),
     ('0ec61763-3843-47db-b3a8-d025978b6602'::uuid,'f8db45e4-d2e5-4fe0-aaf3-756cdcc54e1e'::uuid,'2024-08-01 03:44:55.787897+00', 'enabled', '2022-01-01', null, null),
     ('84e1fb9c-2480-4822-99dc-b21ae721b9be'::uuid,'f8db45e4-d2e5-4fe0-aaf3-756cdcc54e1e'::uuid,'2024-08-01 03:46:23.276364+00', 'enabled', '2022-01-01', null, null),
     ('d75121d3-8618-4a7b-9893-faf98648d6b8'::uuid,'fc12d38e-a324-4f96-9b66-be547ff92882'::uuid,'2024-08-01 03:46:23.276364+00', 'enabled', '2022-01-01', null, null),
     ('0b3a1449-80f9-4dd9-b3c6-8505e60fc0dd'::uuid,'fc12d38e-a324-4f96-9b66-be547ff92882'::uuid,'2024-08-01 03:44:55.787897+00', 'enabled', '2022-01-01', null, null),
     ('849f74f0-e655-4212-adf0-f6342b9cba2e'::uuid,'fe46a7af-3ed0-49ca-8815-2bfc7f5583f3'::uuid,'2024-08-01 03:44:55.787897+00', 'enabled', '2022-01-01', null, null),
     ('03d5b6ee-c548-45af-8cad-3d905690dee8'::uuid,'fe46a7af-3ed0-49ca-8815-2bfc7f5583f3'::uuid,'2024-08-01 03:46:23.276364+00', 'enabled', '2022-01-01', null, null);


INSERT INTO flows.circuits (id,"type","name",created_at) VALUES
     ('76931d86-1193-4569-978b-efe8defcbba6'::uuid,'heat'::flows."circuit_type_enum",'WLCE.Plot-24-25.C-heat','2024-08-04 18:53:01.677977+00'),
     ('6b9adc18-9cd0-4594-ae09-facb68450255'::uuid,'power'::flows."circuit_type_enum",'WLCE.Plot-24-25.C-power','2024-08-04 18:53:01.677977+00'),
     ('f5a3e850-5d9d-469e-a692-dd5d2c420911'::uuid,'power'::flows."circuit_type_enum",'WLCE.Plot-07.C-power','2024-08-04 18:53:01.677977+00'),
     ('b4ea68f3-415c-4260-bc1f-0853140f31c3'::uuid,'heat'::flows."circuit_type_enum",'WLCE.Plot-07.C-heat','2024-08-04 18:53:01.677977+00'),
     ('20a21599-6a47-400b-b7d3-132e907fc687'::uuid,'heat'::flows."circuit_type_enum",'WLCE.Plot-02.C-heat','2024-08-04 18:53:01.677977+00'),
     ('162d6da0-c48f-4001-8659-5a37964fb40b'::uuid,'power'::flows."circuit_type_enum",'WLCE.Plot-02.C-power','2024-08-04 18:53:01.677977+00'),
     ('1ba51fcd-fd52-4664-818a-445ccde6b8ad'::uuid,'heat'::flows."circuit_type_enum",'WLCE.Plot-06.C-heat','2024-08-04 18:53:01.677977+00'),
     ('8807eef1-c311-414f-9fab-858d96031c64'::uuid,'power'::flows."circuit_type_enum",'WLCE.Plot-06.C-power','2024-08-04 18:53:01.677977+00'),
     ('69e820e3-2cfc-4a4b-aa1c-fa09f1dbf9b2'::uuid,'heat'::flows."circuit_type_enum",'WLCE.Plot-03.C-heat','2024-08-04 18:53:01.677977+00'),
     ('e18e91ed-02f5-43d6-a5d8-b024a55f0abc'::uuid,'power'::flows."circuit_type_enum",'WLCE.Plot-03.C-power','2024-08-04 18:53:01.677977+00'),
     ('fbddebdb-3be1-41be-b9e6-40f84fe6a2b4'::uuid,'power'::flows."circuit_type_enum",'WLCE.Plot-17.C-power','2024-08-04 18:53:01.677977+00'),
     ('3e086a3f-855c-445a-be99-71ff73b4f820'::uuid,'heat'::flows."circuit_type_enum",'WLCE.Plot-17.C-heat','2024-08-04 18:53:01.677977+00'),
     ('338ba226-52fa-4080-b188-9798b2f60536'::uuid,'power'::flows."circuit_type_enum",'WLCE.Plot-04.C-power','2024-08-04 18:53:01.677977+00'),
     ('169b42ac-e36d-43f8-b79d-9c7b81c54102'::uuid,'heat'::flows."circuit_type_enum",'WLCE.Plot-04.C-heat','2024-08-04 18:53:01.677977+00'),
     ('d0f4e386-0ebd-445d-afa4-8fb0ed36a3a4'::uuid,'heat'::flows."circuit_type_enum",'WLCE.Plot-05.C-heat','2024-08-04 18:53:01.677977+00'),
     ('2f49cd3c-5cf6-48fb-9f1b-043071bab1d5'::uuid,'power'::flows."circuit_type_enum",'WLCE.Plot-05.C-power','2024-08-04 18:53:01.677977+00'),
     ('caae4be3-69de-46d4-aa0f-62558ae0a2f7'::uuid,'power'::flows."circuit_type_enum",'WLCE.Plot-08.C-power','2024-08-04 18:53:01.677977+00'),
     ('b1f7e831-4848-421f-82b4-2f59b1480c2b'::uuid,'heat'::flows."circuit_type_enum",'WLCE.Plot-08.C-heat','2024-08-04 18:53:01.677977+00'),
     ('72365595-7efb-4d4a-b692-8588f391fae4'::uuid,'solar'::flows."circuit_type_enum",'WLCE.Plot-08.G-solar','2024-08-04 18:53:01.677977+00'),
     ('d1345bbf-60d4-49be-9de1-7f7eb089b170'::uuid,'heat'::flows."circuit_type_enum",'WLCE.Plot-01.C-heat','2024-08-04 18:53:01.677977+00'),
     ('66557665-cb5b-4c7e-9d97-1cbd1cc42881'::uuid,'power'::flows."circuit_type_enum",'WLCE.Plot-01.C-power','2024-08-04 18:53:01.677977+00'),
     ('649ca781-3b88-4096-b961-2b287886a919'::uuid,'power'::flows."circuit_type_enum",'WLCE.Plot-10.C-power','2024-08-04 18:53:01.677977+00'),
     ('1d66830e-192e-419e-8d15-9d842bbb749f'::uuid,'heat'::flows."circuit_type_enum",'WLCE.Plot-10.C-heat','2024-08-04 18:53:01.677977+00'),
     ('25f169b4-cd4b-4a60-bcf4-52009a9c6bcd'::uuid,'power'::flows."circuit_type_enum",'WLCE.Plot-19c.C-power','2024-08-04 18:53:01.677977+00'),
     ('605ed896-7897-4b13-a709-01f602edc62c'::uuid,'heat'::flows."circuit_type_enum",'WLCE.Plot-19c.C-heat','2024-08-04 18:53:01.677977+00'),
     ('c4c7a108-0840-41f6-a129-3182a7244d57'::uuid,'heat'::flows."circuit_type_enum",'WLCE.Plot-12.C-heat','2024-08-04 18:53:01.677977+00'),
     ('e9c3d8bd-7991-489e-b3f8-899622c746a6'::uuid,'power'::flows."circuit_type_enum",'WLCE.Plot-12.C-power','2024-08-04 18:53:01.677977+00'),
     ('d153074c-f0ff-4cef-8062-e43998a3d02e'::uuid,'power'::flows."circuit_type_enum",'WLCE.Plot-18c.C-power','2024-08-04 18:53:01.677977+00'),
     ('8061a7e9-2bf0-4599-b55a-7c70d4f406e2'::uuid,'heat'::flows."circuit_type_enum",'WLCE.Plot-18c.C-heat','2024-08-04 18:53:01.677977+00'),
     ('363b3ade-9e5f-4e0a-a66e-05055883931d'::uuid,'solar'::flows."circuit_type_enum",'WLCE.Plot-18-19.G-solar','2024-08-04 18:53:01.677977+00'),
     ('a05022fc-010c-4532-8dbb-82d15b02d523'::uuid,'power'::flows."circuit_type_enum",'WLCE.Plot-16.C-power','2024-08-04 18:53:01.677977+00'),
     ('22e20e49-ba9c-4290-b750-4ca9ad3d57d8'::uuid,'heat'::flows."circuit_type_enum",'WLCE.Plot-16.C-heat','2024-08-04 18:53:01.677977+00'),
     ('782076bc-9e40-4d4c-805f-734431d21d74'::uuid,'power'::flows."circuit_type_enum",'WLCE.Plot-18b.C-power','2024-08-04 18:53:01.677977+00'),
     ('3d788882-501f-4895-a4b3-1e4e9d23753e'::uuid,'heat'::flows."circuit_type_enum",'WLCE.Plot-18b.C-heat','2024-08-04 18:53:01.677977+00'),
     ('eace4179-47a7-4c89-b66b-a14d0d678fbc'::uuid,'heat'::flows."circuit_type_enum",'WLCE.Plot-19b.C-heat','2024-08-04 18:53:01.677977+00'),
     ('8997dca3-0b71-4fdf-adaf-f4c338047011'::uuid,'power'::flows."circuit_type_enum",'WLCE.Plot-19b.C-power','2024-08-04 18:53:01.677977+00'),
     ('1340befe-7970-4172-acbf-6472b7038790'::uuid,'power'::flows."circuit_type_enum",'WLCE.Plot-20.C-power','2024-08-04 18:53:01.677977+00'),
     ('c9d85686-be11-4029-a706-cf36b85b5dde'::uuid,'heat'::flows."circuit_type_enum",'WLCE.Plot-20.C-heat','2024-08-04 18:53:01.677977+00'),
     ('3dc8e4c4-ca2a-4042-b53c-ee95fb02b0fc'::uuid,'heat'::flows."circuit_type_enum",'WLCE.Plot-25b.C-heat','2024-08-04 18:53:01.677977+00'),
     ('fd681524-7cca-4242-81a1-32c7f2a65703'::uuid,'power'::flows."circuit_type_enum",'WLCE.Plot-25b.C-power','2024-08-04 18:53:01.677977+00'),
     ('7b8f24bb-c97b-4862-9b26-df8ec8195f68'::uuid,'heat'::flows."circuit_type_enum",'WLCE.Plot-24c.C-heat','2024-08-04 18:53:01.677977+00'),
     ('b72c6b71-32c8-4ae5-a4ff-b8689784de4d'::uuid,'power'::flows."circuit_type_enum",'WLCE.Plot-24c.C-power','2024-08-04 18:53:01.677977+00'),
     ('7a74c7fb-c593-4f8c-8f09-894683557d00'::uuid,'power'::flows."circuit_type_enum",'WLCE.Plot-24b.C-power','2024-08-04 18:53:01.677977+00'),
     ('4a400c97-649f-4122-ad99-7e913730541e'::uuid,'heat'::flows."circuit_type_enum",'WLCE.Plot-24b.C-heat','2024-08-04 18:53:01.677977+00'),
     ('3cbceafd-79e7-46a4-a0d6-7b8cb2fc61e6'::uuid,'power'::flows."circuit_type_enum",'WLCE.Plot-25c.C-power','2024-08-04 18:53:01.677977+00'),
     ('de2b1b42-c6c5-4d5a-bf16-1451f5073d66'::uuid,'heat'::flows."circuit_type_enum",'WLCE.Plot-25c.C-heat','2024-08-04 18:53:01.677977+00'),
     ('6b0d359c-ec0a-47e7-80cb-4d3acd4b1e2c'::uuid,'heat'::flows."circuit_type_enum",'WLCE.Plot-21.C-heat','2024-08-04 18:53:01.677977+00'),
     ('2fed42cd-5223-4190-bf7b-58737b88e869'::uuid,'power'::flows."circuit_type_enum",'WLCE.Plot-21.C-power','2024-08-04 18:53:01.677977+00'),
     ('0fe665b3-76b3-4186-8181-2690633b4017'::uuid,'power'::flows."circuit_type_enum",'WLCE.Plot-22.C-power','2024-08-04 18:53:01.677977+00'),
     ('f8046a9e-6116-43c3-8757-5a8572341d12'::uuid,'heat'::flows."circuit_type_enum",'WLCE.Plot-22.C-heat','2024-08-04 18:53:01.677977+00'),
     ('ff82909b-3c49-41d4-9ae2-f22ebec7c35e'::uuid,'heat'::flows."circuit_type_enum",'WLCE.Plot-24a.C-heat','2024-08-04 18:53:01.677977+00'),
     ('718f073f-13b4-446b-bab6-eaf67095ff78'::uuid,'power'::flows."circuit_type_enum",'WLCE.Plot-24a.C-power','2024-08-04 18:53:01.677977+00'),
     ('240156d1-8c7f-4f75-9436-41c55dad859c'::uuid,'power'::flows."circuit_type_enum",'WLCE.Plot-23.C-power','2024-08-04 18:53:01.677977+00'),
     ('4434acf5-da12-4588-bf6b-cc0a8ab3bcfa'::uuid,'heat'::flows."circuit_type_enum",'WLCE.Plot-23.C-heat','2024-08-04 18:53:01.677977+00'),
     ('5b33e021-2147-45b1-8501-7414c0395c85'::uuid,'power'::flows."circuit_type_enum",'WLCE.Plot-19a.C-power','2024-08-04 18:53:01.677977+00'),
     ('02c17f27-4788-4894-9f5c-c778eb01e4f0'::uuid,'heat'::flows."circuit_type_enum",'WLCE.Plot-19a.C-heat','2024-08-04 18:53:01.677977+00'),
     ('a27f67d8-c645-40ec-9016-b7b2fc079293'::uuid,'power'::flows."circuit_type_enum",'WLCE.Plot-11.C-power','2024-08-04 18:53:01.677977+00'),
     ('d427fe7e-6e21-441a-9fe6-db6c608db4c0'::uuid,'heat'::flows."circuit_type_enum",'WLCE.Plot-11.C-heat','2024-08-04 18:53:01.677977+00'),
     ('5d4fc5f7-cadb-4f0b-a561-a79217d9a5fe'::uuid,'power'::flows."circuit_type_enum",'WLCE.Plot-25a.C-power','2024-08-04 18:53:01.677977+00'),
     ('dc0219f2-bf2e-4988-8d07-fb8d0f370ed6'::uuid,'heat'::flows."circuit_type_enum",'WLCE.Plot-25a.C-heat','2024-08-04 18:53:01.677977+00'),
     ('78dc9e85-4a14-4b62-b373-b4edb274ccfd'::uuid,'power'::flows."circuit_type_enum",'WLCE.Plot-18a.C-power','2024-08-04 18:53:01.677977+00'),
     ('2eca139a-c69f-407a-8824-38606115d056'::uuid,'heat'::flows."circuit_type_enum",'WLCE.Plot-18a.C-heat','2024-08-04 18:53:01.677977+00'),
     ('8c9b950f-d741-4baa-a0b8-0620bbd2acb6'::uuid,'heat'::flows."circuit_type_enum",'WLCE.Plot-09.C-heat','2024-08-04 18:53:01.677977+00'),
     ('ead47e2f-ccae-4a71-b867-cb9e68de0b57'::uuid,'power'::flows."circuit_type_enum",'WLCE.Plot-09.C-power','2024-08-04 18:53:01.677977+00'),
     ('120a737d-69f2-4683-a040-0cf665568224'::uuid,'solar'::flows."circuit_type_enum",'WLCE.Plot-24-25.G-solar','2024-08-04 18:53:01.677977+00'),
     ('25a73bf9-781f-44a4-a348-5721303dd4fa'::uuid,'heat'::flows."circuit_type_enum",'WLCE.Undercroft.C-heat','2024-08-04 18:53:01.677977+00'),
     ('f1e319e5-803f-4e37-ac97-f10158716d92'::uuid,'power'::flows."circuit_type_enum",'WLCE.Undercroft.C-power','2024-08-04 18:53:01.677977+00'),
     ('93d75a0d-cd32-4bac-8746-130f4b6ec82b'::uuid,'heat'::flows."circuit_type_enum",'WLCE.Plot-14.C-heat','2024-08-04 18:53:01.677977+00'),
     ('1025eb7a-76d0-4346-8fd7-17565f543b2a'::uuid,'power'::flows."circuit_type_enum",'WLCE.Plot-14.C-power','2024-08-04 18:53:01.677977+00'),
     ('65fdada8-4948-45b5-8322-8ec4f0336af2'::uuid,'heat'::flows."circuit_type_enum",'WLCE.Plot-15.C-heat','2024-08-04 18:53:01.677977+00'),
     ('32128bbe-8608-4ef9-945c-72433d8c5307'::uuid,'power'::flows."circuit_type_enum",'WLCE.Plot-15.C-power','2024-08-04 18:53:01.677977+00'),
     ('8d26638d-8f32-45bb-9024-a46f65114f48'::uuid,'power'::flows."circuit_type_enum",'WLCE.Plot-18-19.C-power','2024-08-04 18:53:01.677977+00'),
     ('58a9118f-6526-4315-9eee-0b147139533d'::uuid,'heat'::flows."circuit_type_enum",'WLCE.Plot-18-19.C-heat','2024-08-04 18:53:01.677977+00'),
     ('ff97e6ab-2359-46e5-9ff0-1ea647345cce'::uuid,'heat'::flows."circuit_type_enum",'WLCE.Plot-13.C-heat','2024-08-04 18:53:01.677977+00'),
     ('661702c9-aafa-461d-9352-64270da6166c'::uuid,'power'::flows."circuit_type_enum",'WLCE.Plot-13.C-power','2024-08-04 18:53:01.677977+00'),
     ('2c9a4295-0e87-480e-bf3a-505eac8db530'::uuid,'heat'::flows."circuit_type_enum",'HMCE.Plot-01.C-heat','2024-08-04 18:53:01.677977+00'),
     ('a58ec474-f74e-4f62-b2a9-7495cd15da2d'::uuid,'power'::flows."circuit_type_enum",'HMCE.Plot-01.C-power','2024-08-04 18:53:01.677977+00'),
     ('8ec1296d-fa3a-4a03-8c94-213c629aae59'::uuid,'heat'::flows."circuit_type_enum",'HMCE.Plot-02.C-heat','2024-08-04 18:53:01.677977+00'),
     ('35abdd60-78a8-4374-91b0-28a0fa47d69b'::uuid,'power'::flows."circuit_type_enum",'HMCE.Plot-02.C-power','2024-08-04 18:53:01.677977+00'),
     ('56f7ff1a-cff8-4735-b94f-4a301a0d1987'::uuid,'heat'::flows."circuit_type_enum",'Lab-QA1.C-heat','2024-08-04 18:53:01.677977+00'),
     ('a45be7b6-481f-4eec-a231-2b6923d05c36'::uuid,'power'::flows."circuit_type_enum",'Lab-QA1.C-power','2024-08-04 18:53:01.677977+00'),
     ('0eb8ee81-4cfa-4e95-b6fc-a6a67c05d2cb'::uuid,'power'::flows."circuit_type_enum",'wlce-QA-Plot-11.C-power','2024-08-04 18:53:01.677977+00'),
     ('d98e41ae-ac35-4a47-9e69-044447959fe1'::uuid,'heat'::flows."circuit_type_enum",'wlce-QA-Plot-11.C-heat','2024-08-04 18:53:01.677977+00');

INSERT INTO flows.circuit_register (circuit,register,start_time,end_time,created_at) VALUES
     ('76931d86-1193-4569-978b-efe8defcbba6'::uuid,'2d40529c-c942-43a2-a422-8a5c9692fcf2'::uuid,'2022-01-01 00:00:00+00',NULL,'2024-08-04 18:53:01.677977+00'),
     ('6b9adc18-9cd0-4594-ae09-facb68450255'::uuid,'80748eef-a8df-4deb-a1a1-987546bda6df'::uuid,'2022-01-01 00:00:00+00',NULL,'2024-08-04 18:53:01.677977+00'),
     ('f5a3e850-5d9d-469e-a692-dd5d2c420911'::uuid,'b5b1a255-9b36-4e09-b59b-dca14c23540a'::uuid,'2022-01-01 00:00:00+00',NULL,'2024-08-04 18:53:01.677977+00'),
     ('b4ea68f3-415c-4260-bc1f-0853140f31c3'::uuid,'cd23fdbc-5277-466b-ae12-39074489768f'::uuid,'2022-01-01 00:00:00+00',NULL,'2024-08-04 18:53:01.677977+00'),
     ('20a21599-6a47-400b-b7d3-132e907fc687'::uuid,'d6320bc1-6ceb-45b8-8686-9ae3fceea27e'::uuid,'2022-01-01 00:00:00+00',NULL,'2024-08-04 18:53:01.677977+00'),
     ('162d6da0-c48f-4001-8659-5a37964fb40b'::uuid,'6ee067d3-86a5-4fcb-a00d-6a78d46788e5'::uuid,'2022-01-01 00:00:00+00',NULL,'2024-08-04 18:53:01.677977+00'),
     ('1ba51fcd-fd52-4664-818a-445ccde6b8ad'::uuid,'a5aebcba-5166-4bad-bd29-022edf441379'::uuid,'2022-01-01 00:00:00+00',NULL,'2024-08-04 18:53:01.677977+00'),
     ('8807eef1-c311-414f-9fab-858d96031c64'::uuid,'bb05bbe4-4792-4b09-82f3-295b95d22979'::uuid,'2022-01-01 00:00:00+00',NULL,'2024-08-04 18:53:01.677977+00'),
     ('69e820e3-2cfc-4a4b-aa1c-fa09f1dbf9b2'::uuid,'40a55cf2-a1ad-452e-9f8e-1feabed5b085'::uuid,'2022-01-01 00:00:00+00',NULL,'2024-08-04 18:53:01.677977+00'),
     ('e18e91ed-02f5-43d6-a5d8-b024a55f0abc'::uuid,'c29e0f69-cd9b-4e97-98e5-041541f6b3f5'::uuid,'2022-01-01 00:00:00+00',NULL,'2024-08-04 18:53:01.677977+00'),
     ('fbddebdb-3be1-41be-b9e6-40f84fe6a2b4'::uuid,'54e5a073-a259-4ecd-95ad-2c2fa4e6fa48'::uuid,'2022-01-01 00:00:00+00',NULL,'2024-08-04 18:53:01.677977+00'),
     ('3e086a3f-855c-445a-be99-71ff73b4f820'::uuid,'e252b0e4-1736-42ad-b1ce-f5a45afca6b9'::uuid,'2022-01-01 00:00:00+00',NULL,'2024-08-04 18:53:01.677977+00'),
     ('338ba226-52fa-4080-b188-9798b2f60536'::uuid,'7e5b1046-792d-494d-8ccf-754e74fdbea4'::uuid,'2022-01-01 00:00:00+00',NULL,'2024-08-04 18:53:01.677977+00'),
     ('169b42ac-e36d-43f8-b79d-9c7b81c54102'::uuid,'dcc1244a-8447-4801-9b6c-24643ab4ee47'::uuid,'2022-01-01 00:00:00+00',NULL,'2024-08-04 18:53:01.677977+00'),
     ('d0f4e386-0ebd-445d-afa4-8fb0ed36a3a4'::uuid,'03d5b6ee-c548-45af-8cad-3d905690dee8'::uuid,'2022-01-01 00:00:00+00',NULL,'2024-08-04 18:53:01.677977+00'),
     ('2f49cd3c-5cf6-48fb-9f1b-043071bab1d5'::uuid,'849f74f0-e655-4212-adf0-f6342b9cba2e'::uuid,'2022-01-01 00:00:00+00',NULL,'2024-08-04 18:53:01.677977+00'),
     ('caae4be3-69de-46d4-aa0f-62558ae0a2f7'::uuid,'2470017a-56d0-41af-967e-0e559e443045'::uuid,'2022-01-01 00:00:00+00',NULL,'2024-08-04 18:53:01.677977+00'),
     ('b1f7e831-4848-421f-82b4-2f59b1480c2b'::uuid,'179ef6a3-4830-4403-97b1-7851e9870a9e'::uuid,'2022-01-01 00:00:00+00',NULL,'2024-08-04 18:53:01.677977+00'),
     ('72365595-7efb-4d4a-b692-8588f391fae4'::uuid,'2fd4f210-a52e-4eea-95d1-2295beaa8920'::uuid,'2022-01-01 00:00:00+00',NULL,'2024-08-04 18:53:01.677977+00'),
     ('d1345bbf-60d4-49be-9de1-7f7eb089b170'::uuid,'2c10aff4-a416-40a4-a60a-3197c75643ed'::uuid,'2022-01-01 00:00:00+00','2024-08-02 23:20:00+00','2024-08-04 18:53:01.677977+00'),
     ('66557665-cb5b-4c7e-9d97-1cbd1cc42881'::uuid,'c41f3626-e032-45bb-8a1c-04080e318895'::uuid,'2022-01-01 00:00:00+00','2024-08-02 23:20:00+00','2024-08-04 18:53:01.677977+00'),
     ('d1345bbf-60d4-49be-9de1-7f7eb089b170'::uuid,'c80694ac-7d17-4bb4-a8c6-88a59eb64617'::uuid,'2024-08-03 00:00:00+00',NULL,'2024-08-04 18:53:01.677977+00'),
     ('66557665-cb5b-4c7e-9d97-1cbd1cc42881'::uuid,'1dfd4ffa-9999-46f3-b270-631ac08d8ad6'::uuid,'2022-08-03 00:00:00+00',NULL,'2024-08-04 18:53:01.677977+00'),
     ('649ca781-3b88-4096-b961-2b287886a919'::uuid,'6275dcf0-fdf2-47d8-aa08-4e5d03532c64'::uuid,'2022-01-01 00:00:00+00',NULL,'2024-08-04 18:53:01.677977+00'),
     ('1d66830e-192e-419e-8d15-9d842bbb749f'::uuid,'f410e58f-4822-4ebf-929f-2c16070374c6'::uuid,'2022-01-01 00:00:00+00',NULL,'2024-08-04 18:53:01.677977+00'),
     
     -- 19c old registers (see notes on meter_registers above) - mark an end date
     -- heat
     ('605ed896-7897-4b13-a709-01f602edc62c'::uuid,'3e7998e0-ae7f-4100-ac3a-eae0baaa6906'::uuid,'2022-01-01 00:00:00+00','2025-01-01 00:00:00+00','2024-08-04 18:53:01.677977+00'),
     -- power
     ('25f169b4-cd4b-4a60-bcf4-52009a9c6bcd'::uuid,'b7c4e57a-feb3-41ff-ad05-0866ba1383c8'::uuid,'2022-01-01 00:00:00+00','2025-01-01 00:00:00+00','2024-08-04 18:53:01.677977+00'),
     
     -- 19c new registers (see notes on meter_registers above) - new start date - replace the above 2
     -- heat
     ('605ed896-7897-4b13-a709-01f602edc62c'::uuid,'2715f6f8-8f39-42e1-b342-08c1205bcf71'::uuid,'2025-01-02 00:00:00+00',NULL,'2024-12-31 23:53:01.677977+00'),
     -- power
     ('25f169b4-cd4b-4a60-bcf4-52009a9c6bcd'::uuid,'7f2e0489-5e59-49e2-ba39-01ce1ecbb481'::uuid,'2025-01-02 00:00:00+00',NULL,'2024-12-31 23:53:01.677977+00'),
     
     ('c4c7a108-0840-41f6-a129-3182a7244d57'::uuid,'e11c704d-a6f4-48ae-810f-b74c15e9ebf3'::uuid,'2022-01-01 00:00:00+00',NULL,'2024-08-04 18:53:01.677977+00'),
     ('e9c3d8bd-7991-489e-b3f8-899622c746a6'::uuid,'2650ff06-71d9-4974-9fea-6c3aac2e7e37'::uuid,'2022-01-01 00:00:00+00',NULL,'2024-08-04 18:53:01.677977+00'),
     ('d153074c-f0ff-4cef-8062-e43998a3d02e'::uuid,'cef9abf6-bf25-40bc-a7cd-b0005aa404ae'::uuid,'2022-01-01 00:00:00+00',NULL,'2024-08-04 18:53:01.677977+00'),
     ('8061a7e9-2bf0-4599-b55a-7c70d4f406e2'::uuid,'0985865f-f6dc-4051-a4ed-c07872ffcee1'::uuid,'2022-01-01 00:00:00+00',NULL,'2024-08-04 18:53:01.677977+00'),
     ('363b3ade-9e5f-4e0a-a66e-05055883931d'::uuid,'f1b23740-9882-4497-a4fd-98eda258a0ff'::uuid,'2022-01-01 00:00:00+00',NULL,'2024-08-04 18:53:01.677977+00'),
     ('a05022fc-010c-4532-8dbb-82d15b02d523'::uuid,'ed15548d-d384-4e1c-8217-5247f41f1362'::uuid,'2022-01-01 00:00:00+00',NULL,'2024-08-04 18:53:01.677977+00'),
     ('22e20e49-ba9c-4290-b750-4ca9ad3d57d8'::uuid,'3a5b799c-7cbe-4460-b37e-522f734177aa'::uuid,'2022-01-01 00:00:00+00',NULL,'2024-08-04 18:53:01.677977+00'),
     ('782076bc-9e40-4d4c-805f-734431d21d74'::uuid,'6255c2af-9f07-4d04-b449-5770a176b1ab'::uuid,'2022-01-01 00:00:00+00',NULL,'2024-08-04 18:53:01.677977+00'),
     ('3d788882-501f-4895-a4b3-1e4e9d23753e'::uuid,'aacab52e-4073-4128-8865-91294a4a1d0c'::uuid,'2022-01-01 00:00:00+00',NULL,'2024-08-04 18:53:01.677977+00'),
     ('eace4179-47a7-4c89-b66b-a14d0d678fbc'::uuid,'865df3e6-9ca7-4986-a4c9-ad355d6202fa'::uuid,'2022-01-01 00:00:00+00',NULL,'2024-08-04 18:53:01.677977+00'),
     ('8997dca3-0b71-4fdf-adaf-f4c338047011'::uuid,'571e95b5-4fc0-46eb-b68e-268fc9f73984'::uuid,'2022-01-01 00:00:00+00',NULL,'2024-08-04 18:53:01.677977+00'),
     ('1340befe-7970-4172-acbf-6472b7038790'::uuid,'5db6b9cf-7b30-4783-a5d9-e8ec9a98ae94'::uuid,'2022-01-01 00:00:00+00',NULL,'2024-08-04 18:53:01.677977+00'),
     ('c9d85686-be11-4029-a706-cf36b85b5dde'::uuid,'534430ca-639e-4e5c-a3fd-4888c819acaa'::uuid,'2022-01-01 00:00:00+00',NULL,'2024-08-04 18:53:01.677977+00'),
     ('3dc8e4c4-ca2a-4042-b53c-ee95fb02b0fc'::uuid,'0836099f-ead5-49be-b8d8-84b60b6bbbd0'::uuid,'2022-01-01 00:00:00+00',NULL,'2024-08-04 18:53:01.677977+00'),
     ('fd681524-7cca-4242-81a1-32c7f2a65703'::uuid,'2fce4ed3-8d0c-468a-92c7-a683f9ddbe21'::uuid,'2022-01-01 00:00:00+00',NULL,'2024-08-04 18:53:01.677977+00'),
     ('7b8f24bb-c97b-4862-9b26-df8ec8195f68'::uuid,'5082a80e-a066-42f9-82c7-c647f0f81293'::uuid,'2022-01-01 00:00:00+00',NULL,'2024-08-04 18:53:01.677977+00'),
     ('b72c6b71-32c8-4ae5-a4ff-b8689784de4d'::uuid,'ec3a66aa-a06d-4ecb-b314-abac4bd7af94'::uuid,'2022-01-01 00:00:00+00',NULL,'2024-08-04 18:53:01.677977+00'),
     ('7a74c7fb-c593-4f8c-8f09-894683557d00'::uuid,'b424a5c3-314a-4ee6-9cbc-b28b6b5ad30d'::uuid,'2022-01-01 00:00:00+00',NULL,'2024-08-04 18:53:01.677977+00'),
     ('4a400c97-649f-4122-ad99-7e913730541e'::uuid,'19984431-7e6f-47f9-9f17-8d80e53af01c'::uuid,'2022-01-01 00:00:00+00',NULL,'2024-08-04 18:53:01.677977+00'),
     ('3cbceafd-79e7-46a4-a0d6-7b8cb2fc61e6'::uuid,'e24901f3-bda2-4ed9-b887-baa3e9eb88c5'::uuid,'2022-01-01 00:00:00+00',NULL,'2024-08-04 18:53:01.677977+00'),
     ('de2b1b42-c6c5-4d5a-bf16-1451f5073d66'::uuid,'34e6a934-c65d-4684-a98f-115703559539'::uuid,'2022-01-01 00:00:00+00',NULL,'2024-08-04 18:53:01.677977+00'),
     ('6b0d359c-ec0a-47e7-80cb-4d3acd4b1e2c'::uuid,'84e1fb9c-2480-4822-99dc-b21ae721b9be'::uuid,'2022-01-01 00:00:00+00',NULL,'2024-08-04 18:53:01.677977+00'),
     ('2fed42cd-5223-4190-bf7b-58737b88e869'::uuid,'0ec61763-3843-47db-b3a8-d025978b6602'::uuid,'2022-01-01 00:00:00+00',NULL,'2024-08-04 18:53:01.677977+00'),
     ('0fe665b3-76b3-4186-8181-2690633b4017'::uuid,'0b3a1449-80f9-4dd9-b3c6-8505e60fc0dd'::uuid,'2022-01-01 00:00:00+00',NULL,'2024-08-04 18:53:01.677977+00'),
     ('f8046a9e-6116-43c3-8757-5a8572341d12'::uuid,'d75121d3-8618-4a7b-9893-faf98648d6b8'::uuid,'2022-01-01 00:00:00+00',NULL,'2024-08-04 18:53:01.677977+00'),
     ('ff82909b-3c49-41d4-9ae2-f22ebec7c35e'::uuid,'70494d99-78aa-4bfa-888a-4673598c87f1'::uuid,'2022-01-01 00:00:00+00',NULL,'2024-08-04 18:53:01.677977+00'),
     ('718f073f-13b4-446b-bab6-eaf67095ff78'::uuid,'ad32e62c-de63-4311-945a-f67be79c13d8'::uuid,'2022-01-01 00:00:00+00',NULL,'2024-08-04 18:53:01.677977+00'),
     ('240156d1-8c7f-4f75-9436-41c55dad859c'::uuid,'aad36160-f05e-42aa-94f0-bad865227377'::uuid,'2022-01-01 00:00:00+00',NULL,'2024-08-04 18:53:01.677977+00'),
     ('4434acf5-da12-4588-bf6b-cc0a8ab3bcfa'::uuid,'d4ef5f6c-83f1-47e4-82f5-2b8554a7d898'::uuid,'2022-01-01 00:00:00+00',NULL,'2024-08-04 18:53:01.677977+00'),
     ('5b33e021-2147-45b1-8501-7414c0395c85'::uuid,'66b9c80f-7cb7-4e98-833e-1a6aaecf17d4'::uuid,'2022-01-01 00:00:00+00',NULL,'2024-08-04 18:53:01.677977+00'),
     ('02c17f27-4788-4894-9f5c-c778eb01e4f0'::uuid,'9ed7b5da-6628-4b17-af15-73b58f36e3d8'::uuid,'2022-01-01 00:00:00+00',NULL,'2024-08-04 18:53:01.677977+00'),
     ('a27f67d8-c645-40ec-9016-b7b2fc079293'::uuid,'d4c11379-c8c6-4ca5-b785-a8da8ed31f51'::uuid,'2022-01-01 00:00:00+00',NULL,'2024-08-04 18:53:01.677977+00'),
     ('d427fe7e-6e21-441a-9fe6-db6c608db4c0'::uuid,'75d51bc9-fbc4-404a-b5e0-e6d9b29b71f4'::uuid,'2022-01-01 00:00:00+00',NULL,'2024-08-04 18:53:01.677977+00'),
     ('5d4fc5f7-cadb-4f0b-a561-a79217d9a5fe'::uuid,'22425622-afe5-409d-b5a8-e6b7170d23b6'::uuid,'2022-01-01 00:00:00+00',NULL,'2024-08-04 18:53:01.677977+00'),
     ('dc0219f2-bf2e-4988-8d07-fb8d0f370ed6'::uuid,'f97b9b70-d753-42e1-bae7-60c05867df62'::uuid,'2022-01-01 00:00:00+00',NULL,'2024-08-04 18:53:01.677977+00'),
     ('78dc9e85-4a14-4b62-b373-b4edb274ccfd'::uuid,'67cec155-cb95-4a34-8b86-c7a72263b8af'::uuid,'2022-01-01 00:00:00+00',NULL,'2024-08-04 18:53:01.677977+00'),
     ('2eca139a-c69f-407a-8824-38606115d056'::uuid,'db27b4a2-dc5a-47dd-a572-e0d5e11d92dc'::uuid,'2022-01-01 00:00:00+00',NULL,'2024-08-04 18:53:01.677977+00'),
     ('8c9b950f-d741-4baa-a0b8-0620bbd2acb6'::uuid,'eee4d1ce-aa62-4fd3-97fe-74d6d2151a24'::uuid,'2022-01-01 00:00:00+00',NULL,'2024-08-04 18:53:01.677977+00'),
     ('ead47e2f-ccae-4a71-b867-cb9e68de0b57'::uuid,'946a0410-7936-4191-8181-d2dcc512b2a6'::uuid,'2022-01-01 00:00:00+00',NULL,'2024-08-04 18:53:01.677977+00'),
     ('120a737d-69f2-4683-a040-0cf665568224'::uuid,'61ac728e-d8bf-4efe-aad9-8392cb67ff7d'::uuid,'2022-01-01 00:00:00+00',NULL,'2024-08-04 18:53:01.677977+00'),
     ('25a73bf9-781f-44a4-a348-5721303dd4fa'::uuid,'0484b5cc-d646-4af7-b8ce-c992e7c19a8a'::uuid,'2022-01-01 00:00:00+00',NULL,'2024-08-04 18:53:01.677977+00'),
     ('f1e319e5-803f-4e37-ac97-f10158716d92'::uuid,'76b27785-8a1b-4fb1-bef8-75c9b1198606'::uuid,'2022-01-01 00:00:00+00',NULL,'2024-08-04 18:53:01.677977+00'),
     ('93d75a0d-cd32-4bac-8746-130f4b6ec82b'::uuid,'018db255-e4c3-4382-afb1-9ef499cd2253'::uuid,'2022-01-01 00:00:00+00',NULL,'2024-08-04 18:53:01.677977+00'),
     ('1025eb7a-76d0-4346-8fd7-17565f543b2a'::uuid,'da700453-7cbf-4c42-b22b-577801ca1ca4'::uuid,'2022-01-01 00:00:00+00',NULL,'2024-08-04 18:53:01.677977+00'),
     ('65fdada8-4948-45b5-8322-8ec4f0336af2'::uuid,'91413038-fbcc-4b7d-849c-c99181e5e1af'::uuid,'2022-01-01 00:00:00+00',NULL,'2024-08-04 18:53:01.677977+00'),
     ('32128bbe-8608-4ef9-945c-72433d8c5307'::uuid,'0cac8738-7a42-4314-a287-f88b9c8fa268'::uuid,'2022-01-01 00:00:00+00',NULL,'2024-08-04 18:53:01.677977+00'),
     ('8d26638d-8f32-45bb-9024-a46f65114f48'::uuid,'55b13f0d-5483-4e1a-9833-7d2120008956'::uuid,'2022-01-01 00:00:00+00',NULL,'2024-08-04 18:53:01.677977+00'),
     ('58a9118f-6526-4315-9eee-0b147139533d'::uuid,'e14dd0d0-3906-484d-9850-9228d8938c82'::uuid,'2022-01-01 00:00:00+00',NULL,'2024-08-04 18:53:01.677977+00'),
     ('ff97e6ab-2359-46e5-9ff0-1ea647345cce'::uuid,'db33040e-12d8-4520-8a48-96fcb9f3be59'::uuid,'2022-01-01 00:00:00+00',NULL,'2024-08-04 18:53:01.677977+00'),
     ('661702c9-aafa-461d-9352-64270da6166c'::uuid,'25551ac5-dfce-44dd-93ec-22a085ac6b45'::uuid,'2022-01-01 00:00:00+00',NULL,'2024-08-04 18:53:01.677977+00'),
     ('2c9a4295-0e87-480e-bf3a-505eac8db530'::uuid,'f07425a9-8153-4cbd-a577-7fd945b899a9'::uuid,'2022-01-01 00:00:00+00',NULL,'2024-08-04 18:53:01.677977+00'),
     ('a58ec474-f74e-4f62-b2a9-7495cd15da2d'::uuid,'84d26ab1-082a-4689-9c97-9fbb2925fbf5'::uuid,'2022-01-01 00:00:00+00',NULL,'2024-08-04 18:53:01.677977+00'),
     ('8ec1296d-fa3a-4a03-8c94-213c629aae59'::uuid,'671919b5-6ced-4617-b09a-faf36b36190d'::uuid,'2022-01-01 00:00:00+00',NULL,'2024-08-04 18:53:01.677977+00'),
     ('35abdd60-78a8-4374-91b0-28a0fa47d69b'::uuid,'4f50d47c-c69d-4811-a16c-3146fc968935'::uuid,'2022-01-01 00:00:00+00',NULL,'2024-08-04 18:53:01.677977+00'),
     ('56f7ff1a-cff8-4735-b94f-4a301a0d1987'::uuid,'5ec0803c-ab64-4dae-a972-e3fc3374fb0c'::uuid,'2022-01-01 00:00:00+00',NULL,'2024-08-04 18:53:01.677977+00'),
     ('a45be7b6-481f-4eec-a231-2b6923d05c36'::uuid,'eba7926f-9769-4905-a068-360cd33deb8f'::uuid,'2022-01-01 00:00:00+00',NULL,'2024-08-04 18:53:01.677977+00'),
     ('0eb8ee81-4cfa-4e95-b6fc-a6a67c05d2cb'::uuid,'cd6a1a5f-2c9f-425a-a77d-7587dfcee1fe'::uuid,'2022-01-01 00:00:00+00',NULL,'2024-08-04 18:53:01.677977+00'),
     ('d98e41ae-ac35-4a47-9e69-044447959fe1'::uuid,'9b0c950a-d71e-4def-9b9f-b6e4c03fa6e1'::uuid,'2022-01-01 00:00:00+00',NULL,'2024-08-04 18:53:01.677977+00');

INSERT INTO flows.properties (id,plot,created_at) VALUES
     ('a3d4b63a-9a10-47d8-8be4-d37300f4102d'::uuid,'Lab-QA1.C','2024-08-02 13:10:15.144031+00'),
     ('cd3b776d-b4a3-40f8-86c0-6a34002fa2f6'::uuid,'WLCE.Plot-01','2024-08-02 13:10:15.144031+00'),
     ('a89b1ed6-e201-405c-bcf6-03047aae7d92'::uuid,'WLCE.Plot-02','2024-08-02 13:10:15.144031+00'),
     ('3c86c5c3-ace1-4a5d-bdbc-45d2a1a83407'::uuid,'WLCE.Plot-03','2024-08-02 13:10:15.144031+00'),
     ('22a80a6d-7abf-4702-b6d4-69b0e6339992'::uuid,'WLCE.Plot-04','2024-08-02 13:10:15.144031+00'),
     ('51c28721-24d6-4137-b543-ca2209f06e9d'::uuid,'WLCE.Plot-05','2024-08-02 13:10:15.144031+00'),
     ('a4086382-a7dd-41df-abd3-b890b3f2260f'::uuid,'WLCE.Plot-06','2024-08-02 13:10:15.144031+00'),
     ('74bbb077-572a-4238-b10c-06ff4721495f'::uuid,'WLCE.Plot-07','2024-08-02 13:10:15.144031+00'),
     ('278d95c4-c573-4a21-8540-4eaa5c3c7157'::uuid,'WLCE.Plot-08','2024-08-02 13:10:15.144031+00'),
     ('6004379a-2bf7-42a6-ba1d-18007519a161'::uuid,'WLCE.Plot-09','2024-08-02 13:10:15.144031+00'),
     ('53ea9851-ded7-42c3-9a5b-5b54bccedc97'::uuid,'WLCE.Plot-10','2024-08-02 13:10:15.144031+00'),
     ('48546eb8-176f-4d5d-891e-b686e1ca847d'::uuid,'WLCE.Plot-11','2024-08-02 13:10:15.144031+00'),
     ('3e8cee4f-7abf-43d8-b937-956453bb1b87'::uuid,'WLCE.Plot-12','2024-08-02 13:10:15.144031+00'),
     ('5f0d773b-6035-46c3-99d1-ffef99b70ad9'::uuid,'WLCE.Plot-13','2024-08-02 13:10:15.144031+00'),
     ('a9544eb2-7afe-4ce4-8d7a-b4591d0d948d'::uuid,'WLCE.Plot-14','2024-08-02 13:10:15.144031+00'),
     ('3214c776-8825-45a2-a45b-89706e4d3f29'::uuid,'WLCE.Plot-15','2024-08-02 13:10:15.144031+00'),
     ('4547eebc-7217-4baa-bed2-f7f8b6d2da75'::uuid,'WLCE.Plot-16','2024-08-02 13:10:15.144031+00'),
     ('7ce99f77-5419-4e41-a984-252510c78ea1'::uuid,'WLCE.Plot-17','2024-08-02 13:10:15.144031+00'),
     ('c7afe5ca-777d-40d9-95a5-1a48c6cda805'::uuid,'WLCE.Plot-1819','2024-08-02 13:10:15.144031+00'),
     ('592aafac-a8f3-432b-aa8c-bb84f19ef315'::uuid,'WLCE.Plot-18a','2024-08-02 13:10:15.144031+00'),
     ('c7e1dfa5-763f-49a5-8be7-017206bc3651'::uuid,'WLCE.Plot-18b','2024-08-02 13:10:15.144031+00'),
     ('0eb56d1d-21cc-4923-a1da-b4c96990b0e3'::uuid,'WLCE.Plot-18c','2024-08-02 13:10:15.144031+00'),
     ('b289ad68-6afc-4992-96ae-68a0fc74e09e'::uuid,'WLCE.Plot-19a','2024-08-02 13:10:15.144031+00'),
     ('16e722cf-92fd-4ffe-9ac3-d60b0a1fa8a2'::uuid,'WLCE.Plot-19b','2024-08-02 13:10:15.144031+00'),
     ('b93152ae-d05f-4ee0-ad87-0b99bbc58dbd'::uuid,'WLCE.Plot-19c','2024-08-02 13:10:15.144031+00'),
     ('f40d7eb7-23e3-447f-b5e2-0654c300e966'::uuid,'WLCE.Plot-20','2024-08-02 13:10:15.144031+00'),
     ('f46fca4b-5d23-43b8-adab-9680cb3458af'::uuid,'WLCE.Plot-21','2024-08-02 13:10:15.144031+00'),
     ('15812ec0-9d41-4f40-8abb-6e104e19794f'::uuid,'WLCE.Plot-22','2024-08-02 13:10:15.144031+00'),
     ('30623027-00eb-491c-b737-46723d54b032'::uuid,'WLCE.Plot-23','2024-08-02 13:10:15.144031+00'),
     ('92c38ab2-9aee-46ca-bafb-024936cf2007'::uuid,'WLCE.Plot-2425','2024-08-02 13:10:15.144031+00'),
     ('52829b88-400b-4f5d-80cb-9640594a5760'::uuid,'WLCE.Plot-24a','2024-08-02 13:10:15.144031+00'),
     ('7f148a3c-782f-45f9-87f9-8bc4f56a9406'::uuid,'WLCE.Plot-24b','2024-08-02 13:10:15.144031+00'),
     ('6528f341-8db6-49e8-a9af-4b2dd234855f'::uuid,'WLCE.Plot-24c','2024-08-02 13:10:15.144031+00'),
     ('0ff904a8-6621-44c2-af08-9d68c05243a3'::uuid,'WLCE.Plot-25a','2024-08-02 13:10:15.144031+00'),
     ('0fa45d90-f8fc-436b-ac78-27b725336112'::uuid,'WLCE.Plot-25b','2024-08-02 13:10:15.144031+00'),
     ('18323434-a6c8-4ea1-beb4-9932f88d9067'::uuid,'WLCE.Plot-25c','2024-08-02 13:10:15.144031+00'),
     ('271340db-d083-4af9-bd4c-df085c243e48'::uuid,'WLCE.Undercroft.C','2024-08-02 13:10:15.144031+00'),
     ('d49a45b7-6879-4876-bbe3-10e1af2d0197'::uuid,'QA-Plot-11','2024-08-02 13:10:15.144031+00'),
     ('ebacd829-5894-4950-9a24-28c89ec603b8'::uuid,'HMCE.Plot-01','2024-08-02 13:10:15.144031+00'),
     ('e6f75073-dd7e-4420-be01-e78ce4699357'::uuid,'HMCE.Plot-02','2024-08-02 13:10:15.144031+00');


INSERT INTO flows.properties_service_head (property,service_head,created_at) VALUES
     ('ebacd829-5894-4950-9a24-28c89ec603b8'::uuid,'d67bd5b0-016a-4825-a410-25f99ba12e6d'::uuid,'2024-08-02 13:10:15.144031+00'),
     ('e6f75073-dd7e-4420-be01-e78ce4699357'::uuid,'546629e1-290e-43f8-8ffd-654d492a66c7'::uuid,'2024-08-02 13:10:15.144031+00'),
     ('a3d4b63a-9a10-47d8-8be4-d37300f4102d'::uuid,'d39a7395-030f-4d22-a625-08caef1084c4'::uuid,'2024-08-02 13:10:15.144031+00'),
     ('cd3b776d-b4a3-40f8-86c0-6a34002fa2f6'::uuid,'c03baadd-6150-413b-9ebe-69e1ac049217'::uuid,'2024-08-02 13:10:15.144031+00'),
     ('a89b1ed6-e201-405c-bcf6-03047aae7d92'::uuid,'b812ec6d-d3cd-497b-8ac2-2a48ee6661cf'::uuid,'2024-08-02 13:10:15.144031+00'),
     ('3c86c5c3-ace1-4a5d-bdbc-45d2a1a83407'::uuid,'35b71079-3184-435b-9481-a3d612e3dfde'::uuid,'2024-08-02 13:10:15.144031+00'),
     ('22a80a6d-7abf-4702-b6d4-69b0e6339992'::uuid,'8ab6db48-3f48-46e1-9d2a-c108f14520de'::uuid,'2024-08-02 13:10:15.144031+00'),
     ('51c28721-24d6-4137-b543-ca2209f06e9d'::uuid,'d1f68d2b-903f-44a0-af84-810eeefef627'::uuid,'2024-08-02 13:10:15.144031+00'),
     ('a4086382-a7dd-41df-abd3-b890b3f2260f'::uuid,'a9f447a5-fe6a-4646-9076-fb3de1c93373'::uuid,'2024-08-02 13:10:15.144031+00'),
     ('74bbb077-572a-4238-b10c-06ff4721495f'::uuid,'f17b9805-294a-4afb-add7-828e51180942'::uuid,'2024-08-02 13:10:15.144031+00'),
     ('278d95c4-c573-4a21-8540-4eaa5c3c7157'::uuid,'f3865205-a602-4223-8c06-8147799e50aa'::uuid,'2024-08-02 13:10:15.144031+00'),
     ('278d95c4-c573-4a21-8540-4eaa5c3c7157'::uuid,'b440601d-6c2f-4d1b-8f03-3ac2c5cb93b8'::uuid,'2024-08-02 13:10:15.144031+00'),
     ('6004379a-2bf7-42a6-ba1d-18007519a161'::uuid,'169ff99f-3a2c-4b29-9172-f5f9f288e061'::uuid,'2024-08-02 13:10:15.144031+00'),
     ('53ea9851-ded7-42c3-9a5b-5b54bccedc97'::uuid,'b53268ea-7eea-4e69-b7aa-c2a77b59a8a6'::uuid,'2024-08-02 13:10:15.144031+00'),
     ('48546eb8-176f-4d5d-891e-b686e1ca847d'::uuid,'5e9585e2-5836-4ba3-b78b-ba6df26a861f'::uuid,'2024-08-02 13:10:15.144031+00'),
     ('3e8cee4f-7abf-43d8-b937-956453bb1b87'::uuid,'7e7f5dd6-149b-447d-b4ee-791ff252fb84'::uuid,'2024-08-02 13:10:15.144031+00'),
     ('5f0d773b-6035-46c3-99d1-ffef99b70ad9'::uuid,'93bca7be-aadf-48fe-8f80-18c3b65d925e'::uuid,'2024-08-02 13:10:15.144031+00'),
     ('a9544eb2-7afe-4ce4-8d7a-b4591d0d948d'::uuid,'e5798659-8e01-4398-9461-ddd25aead21e'::uuid,'2024-08-02 13:10:15.144031+00'),
     ('3214c776-8825-45a2-a45b-89706e4d3f29'::uuid,'234b94f5-3fc7-4d4c-bf5c-31d9b69c0680'::uuid,'2024-08-02 13:10:15.144031+00'),
     ('4547eebc-7217-4baa-bed2-f7f8b6d2da75'::uuid,'ed764db4-62b4-4559-8fa4-812239e5ea3d'::uuid,'2024-08-02 13:10:15.144031+00'),
     ('7ce99f77-5419-4e41-a984-252510c78ea1'::uuid,'d907936c-3a8b-4969-89aa-8ff5ef0754a8'::uuid,'2024-08-02 13:10:15.144031+00'),
     ('c7afe5ca-777d-40d9-95a5-1a48c6cda805'::uuid,'b4310dec-443f-4543-82bd-cc9db039ff94'::uuid,'2024-08-02 13:10:15.144031+00'),
     ('592aafac-a8f3-432b-aa8c-bb84f19ef315'::uuid,'9063dab7-3df5-4cb1-a511-1fc7b27c5506'::uuid,'2024-08-02 13:10:15.144031+00'),
     ('c7e1dfa5-763f-49a5-8be7-017206bc3651'::uuid,'00c35814-6295-4381-bbc8-16fec4445b3d'::uuid,'2024-08-02 13:10:15.144031+00'),
     ('0eb56d1d-21cc-4923-a1da-b4c96990b0e3'::uuid,'e2902786-f5c4-4d27-ad67-ac9b65412e9f'::uuid,'2024-08-02 13:10:15.144031+00'),
     ('b289ad68-6afc-4992-96ae-68a0fc74e09e'::uuid,'3ad78726-7442-489c-ab74-67cd3fc51aeb'::uuid,'2024-08-02 13:10:15.144031+00'),
     ('16e722cf-92fd-4ffe-9ac3-d60b0a1fa8a2'::uuid,'c1ddb1db-2fa9-4d73-8bbf-51ca8a449ba9'::uuid,'2024-08-02 13:10:15.144031+00'),
     ('b93152ae-d05f-4ee0-ad87-0b99bbc58dbd'::uuid,'faf68ab7-ecf9-4aff-9114-a302bb780e0e'::uuid,'2024-08-02 13:10:15.144031+00'),
     ('f40d7eb7-23e3-447f-b5e2-0654c300e966'::uuid,'99e5fe2d-9269-4b3b-aaae-bdc79231c369'::uuid,'2024-08-02 13:10:15.144031+00'),
     ('f46fca4b-5d23-43b8-adab-9680cb3458af'::uuid,'06f8bc17-ce72-40a1-8108-40788a2c7c18'::uuid,'2024-08-02 13:10:15.144031+00'),
     ('15812ec0-9d41-4f40-8abb-6e104e19794f'::uuid,'3f5aa69f-69fd-494a-a1be-ee56e5c58e2d'::uuid,'2024-08-02 13:10:15.144031+00'),
     ('30623027-00eb-491c-b737-46723d54b032'::uuid,'c48bc42a-22ef-4165-a89c-8bcef03d2c1f'::uuid,'2024-08-02 13:10:15.144031+00'),
     ('92c38ab2-9aee-46ca-bafb-024936cf2007'::uuid,'1ec6041f-3864-463a-b428-ed0c3a51dcbc'::uuid,'2024-08-02 13:10:15.144031+00'),
     ('52829b88-400b-4f5d-80cb-9640594a5760'::uuid,'c618ae90-ad00-4615-9402-c45431a0909e'::uuid,'2024-08-02 13:10:15.144031+00'),
     ('7f148a3c-782f-45f9-87f9-8bc4f56a9406'::uuid,'ff2e5723-b255-499e-a977-5fdeb523cf67'::uuid,'2024-08-02 13:10:15.144031+00'),
     ('6528f341-8db6-49e8-a9af-4b2dd234855f'::uuid,'675b673c-cb09-489b-88bf-0ade59f38099'::uuid,'2024-08-02 13:10:15.144031+00'),
     ('0ff904a8-6621-44c2-af08-9d68c05243a3'::uuid,'2afd3aa2-39f1-41c9-9b5b-b77341d40981'::uuid,'2024-08-02 13:10:15.144031+00'),
     ('0fa45d90-f8fc-436b-ac78-27b725336112'::uuid,'4b112f8e-f69a-4da9-96e0-aeaa50a19906'::uuid,'2024-08-02 13:10:15.144031+00'),
     ('18323434-a6c8-4ea1-beb4-9932f88d9067'::uuid,'42e8f144-6a9f-4a4b-a873-af2c16d89532'::uuid,'2024-08-02 13:10:15.144031+00'),
     ('271340db-d083-4af9-bd4c-df085c243e48'::uuid,'d4562e0d-fe8a-4f6d-8e79-bd3e20f07333'::uuid,'2024-08-02 13:10:15.144031+00'),
     ('d49a45b7-6879-4876-bbe3-10e1af2d0197'::uuid,'5cf747e7-430a-4a13-8431-15ac0a75c4cc'::uuid,'2024-08-02 13:10:15.144031+00');

INSERT INTO flows.meter_metrics (name, notes, enabled, run_frequency) VALUES 
    ('SyncerVoltage', 'Sync instantaneous voltage', true, 'hourly'),
    ('SyncerCsq', 'Sync CSQ (Cellular Signal Quality)', true, 'hourly'),
    ('SyncerEventLog', 'Sync event log', true, 'hourly'),
    ('SyncerPrepayBalance', 'Sync prepay balance', true, 'hourly'),
    ('SyncerBacklight', 'Sync backlight setting', true, 'daily'),
    ('SyncerLoadSwitch', 'Sync load switch setting', true, 'daily'),
    ('SyncerPrepayEnabled', 'Sync prepay enabled flag', true, 'daily'),
    ('SyncerReads', 'Sync import and export read', true, 'daily'),
    ('SyncerDaylightSavingsEnabled', 'Sync daylight savings correction flag', true, 'daily'),
    ('SyncerSerial', 'Sync meter serial', true, 'daily'),
    ('SyncerHardware', 'Sync hardware', true, 'daily'),
    ('SyncerClockDiff', 'Sync clock difference (between meter time and actual)', true, 'daily'),
    ('SyncerTariffsActive', 'Sync active tariffs', true, 'daily'),
    ('SyncerTariffsFuture', 'Sync future tariffs', true, 'daily');


INSERT INTO "flows"."ev_chargers" ("esco", "serial", "pin", "position") VALUES
    ('527eed5d-2f81-4abe-a7f4-6fff8ac72703', 'ECG96P4C', '0562', '24-22'),
    ('527eed5d-2f81-4abe-a7f4-6fff8ac72703', 'ECA9WBHK', '2739', '21-20'),
    ('527eed5d-2f81-4abe-a7f4-6fff8ac72703', 'ECEWDK58', '3421', 'Visitor-Right'),
    ('527eed5d-2f81-4abe-a7f4-6fff8ac72703', 'EC2VXH5Q', '6195', 'Visitor-Left'),
    ('527eed5d-2f81-4abe-a7f4-6fff8ac72703', 'EC3CB2KQ', '6885', '16-14'),
    ('527eed5d-2f81-4abe-a7f4-6fff8ac72703', 'ECANK3BH', '0853', '27-26'),
    ('527eed5d-2f81-4abe-a7f4-6fff8ac72703', 'ECKRLBVX', '3627', '13-corner'),
    ('363ff821-3a56-4b43-8227-8e53c45fbcdb', 'ECYZG4ZA', '1222', 'Post #1'),
    ('363ff821-3a56-4b43-8227-8e53c45fbcdb', 'EC2XCQYP', '6608', 'Post #5 (east)');



--
-- Generate register half hourly data for a scenario where there has been a meter replacement.
-- This effects 2 circuits - a heat and power on a property.
-- From this we can check the derived circuit data is correct. 
--

-- set a seed to ensure the same numbers are generated each time.
-- this allows us to write unit tests that expect the same values each time.
select setseed(0.112233);

-- WLCE.Plot-01.C (replaced) - power register
SELECT flows.generate_register_intervals(
    'c41f3626-e032-45bb-8a1c-04080e318895'::UUID,  -- register_id
    '2024-06-01 00:00:00 +00'::TIMESTAMPTZ,        -- start_time
    '2024-08-02 23:00:00 +00'::TIMESTAMPTZ,        -- end_time
    0.0,                                           -- min_kwh
    0.5                                            -- max_kwh
);

-- WLCE.Plot-01.C (replaced) - heat register
SELECT flows.generate_register_intervals(
    '2c10aff4-a416-40a4-a60a-3197c75643ed'::UUID,  -- register_id
    '2024-06-01 00:00:00 +00'::TIMESTAMPTZ,        -- start_time
    '2024-08-02 23:00:00 +00'::TIMESTAMPTZ,        -- end_time
    0.0,                                           -- min_kwh
    0.5                                            -- max_kwh
);


-- WLCE.Plot-01.C (new) - power register
SELECT flows.generate_register_intervals(
    '1dfd4ffa-9999-46f3-b270-631ac08d8ad6'::UUID,  -- register_id
    '2024-08-03 00:00:00 +00'::TIMESTAMPTZ,        -- start_time
    now()::timestamptz,                            -- end_time
    0.0,                                           -- min_kwh
    0.5                                            -- max_kwh
);

-- WLCE.Plot-01.C (new) - heat register
SELECT flows.generate_register_intervals(
    'c80694ac-7d17-4bb4-a8c6-88a59eb64617'::UUID,  -- register_id
    '2024-08-03 00:00:00 +00'::TIMESTAMPTZ,        -- start_time
    now()::timestamptz,                            -- end_time
    0.0,                                           -- min_kwh
    0.5                                            -- max_kwh
);

-- WLCE.Plot-11.C - heat register (associated with customer ownocc12@wl.ce account in myenergy test db)
SELECT flows.generate_register_intervals(
    '75d51bc9-fbc4-404a-b5e0-e6d9b29b71f4'::UUID,  -- register_id
    '2024-06-01 00:00:00 +00'::TIMESTAMPTZ,        -- start_time
    now()::timestamptz,                            -- end_time
    0.0,                                           -- min_kwh
    0.5                                            -- max_kwh
);

-- WLCE.Plot-11.C - power register (associated with customer ownocc12@wl.ce account in myenergy test db)
SELECT flows.generate_register_intervals(
    'd4c11379-c8c6-4ca5-b785-a8da8ed31f51'::UUID,  -- register_id
    '2024-06-01 00:00:00 +00'::TIMESTAMPTZ,        -- start_time
    now()::timestamptz,                            -- end_time
    0.0,                                           -- min_kwh
    0.5                                            -- max_kwh
);

-- WLCE.Plot-12.C - heat register (associated with customer own11_13@wl.ce account in myenergy test db)
SELECT flows.generate_register_intervals(
    'e11c704d-a6f4-48ae-810f-b74c15e9ebf3'::UUID,  -- register_id
    '2024-06-01 00:00:00 +00'::TIMESTAMPTZ,        -- start_time
    now()::timestamptz,                            -- end_time
    0.0,                                           -- min_kwh
    0.5                                            -- max_kwh
);

-- WLCE.Plot-12.C - power register (associated with customer own11_13@wl.ce account in myenergy test db)
SELECT flows.generate_register_intervals(
    '2650ff06-71d9-4974-9fea-6c3aac2e7e37'::UUID,  -- register_id
    '2024-06-01 00:00:00 +00'::TIMESTAMPTZ,        -- start_time
    now()::timestamptz,                            -- end_time
    0.0,                                           -- min_kwh
    0.5                                            -- max_kwh
);

-- HMCE.Plot.01.C - heat register (associated with customer ownocc1@hm.ce account in myenergy test db)
SELECT flows.generate_register_intervals(
    'f07425a9-8153-4cbd-a577-7fd945b899a9'::UUID,  -- register_id
    '2024-06-01 00:00:00 +00'::TIMESTAMPTZ,        -- start_time
    now()::timestamptz,                            -- end_time
    0.0,                                           -- min_kwh
    0.5                                            -- max_kwh
);

-- HMCE.Plot-01.C - power register (associated with customer ownocc1@hm.ce account in myenergy test db)
SELECT flows.generate_register_intervals(
    '84d26ab1-082a-4689-9c97-9fbb2925fbf5'::UUID,  -- register_id
    '2024-06-01 00:00:00 +00'::TIMESTAMPTZ,        -- start_time
    now()::timestamptz,                            -- end_time
    0.0,                                           -- min_kwh
    0.5                                            -- max_kwh
);

COMMIT;

-- refresh downstream continuous aggregates based on the data just inserted
call refresh_continuous_aggregate(
    'flows.circuit_interval_hh',
    window_start => NULL,
    window_end => NULL
);
call refresh_continuous_aggregate(
    'flows.circuit_interval_daily',
    window_start => NULL,
    window_end => NULL
); 
call refresh_continuous_aggregate(
    'flows.circuit_interval_monthly',
    window_start => NULL,
    window_end => NULL
);

